03:36:07.334 [DEBUG] [org.gradle.launcher.daemon.bootstrap.DaemonMain] Assuming the daemon was started with following jvm opts: [-Xmx2048m, -Dfile.encoding=UTF-8, -Duser.country=US, -Duser.language=en, -Duser.variant]
03:36:07.542 [INFO] [org.gradle.launcher.daemon.server.health.gc.GarbageCollectionMonitor] Unable to determine a garbage collection monitoring strategy for JVMStrategy{Debian version 21.0.11}
03:36:07.768 [INFO] [org.gradle.launcher.daemon.server.Daemon] start() called on daemon - DefaultDaemonContext[uid=99a0a9c8-eb91-47ee-b117-9666d844513b,javaHome=/usr/lib/jvm/java-21-openjdk-arm64,daemonRegistryDir=/home/luke/.gradle/daemon,pid=18050,idleTimeout=10800000,daemonOpts=-Xmx2048m,-Dfile.encoding=UTF-8,-Duser.country=US,-Duser.language=en,-Duser.variant]
03:36:07.904 [DEBUG] [org.gradle.internal.remote.internal.inet.InetAddresses] Adding IP addresses for network interface wlan0
03:36:07.907 [DEBUG] [org.gradle.internal.remote.internal.inet.InetAddresses] Is this a loopback interface? false
03:36:07.908 [DEBUG] [org.gradle.internal.remote.internal.inet.InetAddresses] Is this a multicast interface? true
03:36:07.910 [DEBUG] [org.gradle.internal.remote.internal.inet.InetAddresses] Adding remote address /192.168.1.31
03:36:07.912 [DEBUG] [org.gradle.internal.remote.internal.inet.InetAddresses] Adding remote multicast interface wlan0
03:36:07.914 [DEBUG] [org.gradle.internal.remote.internal.inet.InetAddresses] Adding IP addresses for network interface lo
03:36:07.916 [DEBUG] [org.gradle.internal.remote.internal.inet.InetAddresses] Is this a loopback interface? true
03:36:07.917 [DEBUG] [org.gradle.internal.remote.internal.inet.InetAddresses] Is this a multicast interface? false
03:36:07.918 [DEBUG] [org.gradle.internal.remote.internal.inet.InetAddresses] Adding loopback address /127.0.0.1
03:36:07.928 [DEBUG] [org.gradle.internal.remote.internal.inet.TcpIncomingConnector] Listening on [35501cb5-eaa9-407f-a962-58a934bceebe port:46395, addresses:[/127.0.0.1]].
03:36:07.978 [DEBUG] [org.gradle.launcher.daemon.server.Daemon] Daemon starting at: Fri Sep 11 03:36:07 UTC 2026, with address: [35501cb5-eaa9-407f-a962-58a934bceebe port:46395, addresses:[/127.0.0.1]]
03:36:07.980 [INFO] [org.gradle.launcher.daemon.server.DaemonRegistryUpdater] Advertising the daemon address to the clients: [35501cb5-eaa9-407f-a962-58a934bceebe port:46395, addresses:[/127.0.0.1]]
03:36:07.981 [DEBUG] [org.gradle.launcher.daemon.server.DaemonRegistryUpdater] Advertised daemon context: DefaultDaemonContext[uid=99a0a9c8-eb91-47ee-b117-9666d844513b,javaHome=/usr/lib/jvm/java-21-openjdk-arm64,daemonRegistryDir=/home/luke/.gradle/daemon,pid=18050,idleTimeout=10800000,daemonOpts=-Xmx2048m,-Dfile.encoding=UTF-8,-Duser.country=US,-Duser.language=en,-Duser.variant]
03:36:07.986 [DEBUG] [org.gradle.launcher.daemon.registry.PersistentDaemonRegistry] Storing daemon address: [35501cb5-eaa9-407f-a962-58a934bceebe port:46395, addresses:[/127.0.0.1]], context: DefaultDaemonContext[uid=99a0a9c8-eb91-47ee-b117-9666d844513b,javaHome=/usr/lib/jvm/java-21-openjdk-arm64,daemonRegistryDir=/home/luke/.gradle/daemon,pid=18050,idleTimeout=10800000,daemonOpts=-Xmx2048m,-Dfile.encoding=UTF-8,-Duser.country=US,-Duser.language=en,-Duser.variant]
03:36:08.029 [DEBUG] [org.gradle.cache.internal.DefaultFileLockManager] Waiting to acquire exclusive lock on daemon addresses registry.
03:36:08.048 [DEBUG] [org.gradle.cache.internal.DefaultFileLockManager] Lock acquired on daemon addresses registry.
03:36:08.067 [DEBUG] [org.gradle.cache.internal.DefaultFileLockManager] Releasing lock on daemon addresses registry.
03:36:08.071 [LIFECYCLE] [org.gradle.launcher.daemon.server.Daemon] Daemon server started.
03:36:08.076 [DEBUG] [org.gradle.launcher.daemon.bootstrap.DaemonStartupCommunication] Completed writing the daemon greeting. Closing streams...
03:36:08.094 [DEBUG] [org.gradle.launcher.daemon.server.Daemon] stopOnExpiration() called on daemon
03:36:08.100 [DEBUG] [org.gradle.launcher.daemon.server.Daemon] awaitExpiration() called on daemon
03:36:08.103 [DEBUG] [org.gradle.launcher.daemon.server.DaemonStateCoordinator] daemon is running. Sleeping until state changes.
03:36:08.138 [DEBUG] [org.gradle.internal.remote.internal.inet.TcpIncomingConnector] Accepted connection from /127.0.0.1:48586 to /127.0.0.1:46395.
03:36:08.570 [DEBUG] [org.gradle.launcher.daemon.server.SynchronizedDispatchConnection] thread 26: received class org.gradle.launcher.daemon.protocol.Build
03:36:08.573 [DEBUG] [org.gradle.launcher.daemon.server.DefaultDaemonConnection] thread 26: Received non-IO message from client: Build{id=3f067679-44b5-4d45-9300-31b2fe5dc1ad.1, currentDir=/home/luke/HoneyComb/HoneycombLauncher}
03:36:08.575 [INFO] [org.gradle.launcher.daemon.server.DefaultIncomingConnectionHandler] Received command: Build{id=3f067679-44b5-4d45-9300-31b2fe5dc1ad.1, currentDir=/home/luke/HoneyComb/HoneycombLauncher}.
03:36:08.576 [DEBUG] [org.gradle.launcher.daemon.server.DefaultIncomingConnectionHandler] Starting executing command: Build{id=3f067679-44b5-4d45-9300-31b2fe5dc1ad.1, currentDir=/home/luke/HoneyComb/HoneycombLauncher} with connection: socket connection from /127.0.0.1:46395 to /127.0.0.1:48586.
03:36:08.586 [ERROR] [org.gradle.launcher.daemon.server.DaemonStateCoordinator] Command execution: started DaemonCommandExecution[command = Build{id=3f067679-44b5-4d45-9300-31b2fe5dc1ad.1, currentDir=/home/luke/HoneyComb/HoneycombLauncher}, connection = DefaultDaemonConnection: socket connection from /127.0.0.1:46395 to /127.0.0.1:48586] after 0.0 minutes of idle
03:36:08.587 [INFO] [org.gradle.launcher.daemon.server.DaemonRegistryUpdater] Marking the daemon as busy, address: [35501cb5-eaa9-407f-a962-58a934bceebe port:46395, addresses:[/127.0.0.1]]
03:36:08.588 [DEBUG] [org.gradle.launcher.daemon.registry.PersistentDaemonRegistry] Marking busy by address: [35501cb5-eaa9-407f-a962-58a934bceebe port:46395, addresses:[/127.0.0.1]]
03:36:08.593 [DEBUG] [org.gradle.cache.internal.DefaultFileLockManager] Waiting to acquire exclusive lock on daemon addresses registry.
03:36:08.597 [DEBUG] [org.gradle.cache.internal.DefaultFileLockManager] Lock acquired on daemon addresses registry.
03:36:08.602 [DEBUG] [org.gradle.cache.internal.DefaultFileLockManager] Releasing lock on daemon addresses registry.
03:36:08.605 [DEBUG] [org.gradle.launcher.daemon.server.DaemonStateCoordinator] resetting idle timer
03:36:08.606 [DEBUG] [org.gradle.launcher.daemon.server.DaemonStateCoordinator] daemon is running. Sleeping until state changes.
03:36:08.611 [INFO] [org.gradle.launcher.daemon.server.exec.StartBuildOrRespondWithBusy] Daemon is about to start building Build{id=3f067679-44b5-4d45-9300-31b2fe5dc1ad.1, currentDir=/home/luke/HoneyComb/HoneycombLauncher}. Dispatching build started information...
03:36:08.614 [DEBUG] [org.gradle.launcher.daemon.server.SynchronizedDispatchConnection] thread 28: dispatching class org.gradle.launcher.daemon.protocol.BuildStarted
03:36:08.647 [DEBUG] [org.gradle.launcher.daemon.server.exec.EstablishBuildEnvironment] Configuring env variables: {PATH=/usr/local/bin:/usr/bin:/bin:/usr/local/games:/usr/games:/data/data/com.termux/files/usr/bin, ANDROID_I18N_ROOT=/apex/com.android.i18n, ANDROID_DATA=/data, ANDROID_TZDATA_ROOT=/apex/com.android.tzdata, OLDPWD=/usr/share/gradle, TERM=xterm-256color, USER=luke, EXTERNAL_STORAGE=/storage/self/primary, PROOT_L2S_DIR=/data/data/com.termux/files/usr/var/lib/proot-distro/containers/debian/rootfs/.l2s, PULSE_SERVER=127.0.0.1, PS1=\[\033[01;32m\]\u\[\033[00m\]@\[\033[01;36m\]very-powerful-pc\[\033[00m\]:\[\033[01;34m\]\w\[\033[00m\]\$ , HOSTNAME=very-powerful-pc, MOZ_FAKE_NO_SANDBOX=1, COLORTERM=truecolor, DEX2OATBOOTCLASSPATH=/apex/com.android.art/javalib/core-oj.jar:/apex/com.android.art/javalib/core-libart.jar:/apex/com.android.art/javalib/okhttp.jar:/apex/com.android.art/javalib/bouncycastle.jar:/apex/com.android.art/javalib/apache-xml.jar:/system/framework/framework.jar:/system/framework/framework-graphics.jar:/system/framework/ext.jar:/system/framework/telephony-common.jar:/system/framework/voip-common.jar:/system/framework/ims-common.jar:/apex/com.android.i18n/javalib/core-icu4j.jar:/system/framework/itel_addition.jar:/system/framework/radio_interactor_common.jar:/system/framework/unisoc_ims_common.jar:/system/framework/transsion-telephony-common.jar:/system/framework/unisoc-framework.jar, ANDROID_ART_ROOT=/apex/com.android.art, ANDROID_ROOT=/system, LS_COLORS=rs=0:di=01;34:ln=01;36:mh=00:pi=40;33:so=01;35:do=01;35:bd=40;33;01:cd=40;33;01:or=40;31;01:mi=00:su=37;41:sg=30;43:ca=00:tw=30;42:ow=34;42:st=37;44:ex=01;32:*.7z=01;31:*.ace=01;31:*.alz=01;31:*.apk=01;31:*.arc=01;31:*.arj=01;31:*.bz=01;31:*.bz2=01;31:*.cab=01;31:*.cpio=01;31:*.crate=01;31:*.deb=01;31:*.drpm=01;31:*.dwm=01;31:*.dz=01;31:*.ear=01;31:*.egg=01;31:*.esd=01;31:*.gz=01;31:*.jar=01;31:*.lha=01;31:*.lrz=01;31:*.lz=01;31:*.lz4=01;31:*.lzh=01;31:*.lzma=01;31:*.lzo=01;31:*.pyz=01;31:*.rar=01;31:*.rpm=01;31:*.rz=01;31:*.sar=01;31:*.swm=01;31:*.t7z=01;31:*.tar=01;31:*.taz=01;31:*.tbz=01;31:*.tbz2=01;31:*.tgz=01;31:*.tlz=01;31:*.txz=01;31:*.tz=01;31:*.tzo=01;31:*.tzst=01;31:*.udeb=01;31:*.war=01;31:*.whl=01;31:*.wim=01;31:*.xz=01;31:*.z=01;31:*.zip=01;31:*.zoo=01;31:*.zst=01;31:*.avif=01;35:*.jpg=01;35:*.jpeg=01;35:*.jxl=01;35:*.mjpg=01;35:*.mjpeg=01;35:*.gif=01;35:*.bmp=01;35:*.pbm=01;35:*.pgm=01;35:*.ppm=01;35:*.tga=01;35:*.xbm=01;35:*.xpm=01;35:*.tif=01;35:*.tiff=01;35:*.png=01;35:*.svg=01;35:*.svgz=01;35:*.mng=01;35:*.pcx=01;35:*.mov=01;35:*.mpg=01;35:*.mpeg=01;35:*.m2v=01;35:*.mkv=01;35:*.webm=01;35:*.webp=01;35:*.ogm=01;35:*.mp4=01;35:*.m4v=01;35:*.mp4v=01;35:*.vob=01;35:*.qt=01;35:*.nuv=01;35:*.wmv=01;35:*.asf=01;35:*.rm=01;35:*.rmvb=01;35:*.flc=01;35:*.avi=01;35:*.fli=01;35:*.flv=01;35:*.gl=01;35:*.dl=01;35:*.xcf=01;35:*.xwd=01;35:*.yuv=01;35:*.cgm=01;35:*.emf=01;35:*.ogv=01;35:*.ogx=01;35:*.aac=00;36:*.au=00;36:*.flac=00;36:*.m4a=00;36:*.mid=00;36:*.midi=00;36:*.mka=00;36:*.mp3=00;36:*.mpc=00;36:*.ogg=00;36:*.ra=00;36:*.wav=00;36:*.oga=00;36:*.opus=00;36:*.spx=00;36:*.xspf=00;36:*~=00;90:*#=00;90:*.bak=00;90:*.crdownload=00;90:*.dpkg-dist=00;90:*.dpkg-new=00;90:*.dpkg-old=00;90:*.dpkg-tmp=00;90:*.old=00;90:*.orig=00;90:*.part=00;90:*.rej=00;90:*.rpmnew=00;90:*.rpmorig=00;90:*.rpmsave=00;90:*.swp=00;90:*.tmp=00;90:*.ucf-dist=00;90:*.ucf-new=00;90:*.ucf-old=00;90:, PWD=/home/luke/HoneyComb/HoneycombLauncher, BOOTCLASSPATH=/apex/com.android.art/javalib/core-oj.jar:/apex/com.android.art/javalib/core-libart.jar:/apex/com.android.art/javalib/okhttp.jar:/apex/com.android.art/javalib/bouncycastle.jar:/apex/com.android.art/javalib/apache-xml.jar:/system/framework/framework.jar:/system/framework/framework-graphics.jar:/system/framework/ext.jar:/system/framework/telephony-common.jar:/system/framework/voip-common.jar:/system/framework/ims-common.jar:/apex/com.android.i18n/javalib/core-icu4j.jar:/system/framework/itel_addition.jar:/system/framework/radio_interactor_common.jar:/system/framework/unisoc_ims_common.jar:/system/framework/transsion-telephony-common.jar:/system/framework/unisoc-framework.jar:/apex/com.android.appsearch/javalib/framework-appsearch.jar:/apex/com.android.conscrypt/javalib/conscrypt.jar:/apex/com.android.ipsec/javalib/android.net.ipsec.ike.jar:/apex/com.android.media/javalib/updatable-media.jar:/apex/com.android.mediaprovider/javalib/framework-mediaprovider.jar:/apex/com.android.mediaprovider/javalib/framework-pdf.jar:/apex/com.android.mediaprovider/javalib/framework-photopicker.jar:/apex/com.android.os.statsd/javalib/framework-statsd.jar:/apex/com.android.permission/javalib/framework-permission.jar:/apex/com.android.permission/javalib/framework-permission-s.jar:/apex/com.android.scheduling/javalib/framework-scheduling.jar:/apex/com.android.sdkext/javalib/framework-sdkextensions.jar:/apex/com.android.tethering/javalib/framework-connectivity.jar:/apex/com.android.tethering/javalib/framework-tethering.jar:/apex/com.android.wifi/javalib/framework-wifi.jar:/apex/com.transsion.mi.os.framework/javalib/os-framework.jar, SHLVL=1, HOME=/home/luke, _=/usr/bin/gradle}
03:36:08.655 [WARN] [org.gradle.launcher.daemon.server.exec.EstablishBuildEnvironment] Warning: Unable able to set daemon's environment variables to match the client because: 
  Java 9 does not support modifying environment variables.
  If the daemon was started with a significantly different environment from the client, and your build 
  relies on environment variables, you may experience unexpected behavior.
03:36:08.666 [DEBUG] [org.gradle.launcher.daemon.server.exec.LogToClient] About to start relaying all logs to the client via the connection.
03:36:08.668 [INFO] [org.gradle.launcher.daemon.server.exec.LogToClient] The client will now receive all logging from the daemon (pid: 18050). The daemon log file: /home/luke/.gradle/daemon/4.4.1/daemon-18050.out.log
03:36:08.674 [INFO] [org.gradle.launcher.daemon.server.exec.LogAndCheckHealth] Starting build in new daemon [memory: 2.1 GB]
03:36:08.685 [DEBUG] [org.gradle.launcher.daemon.server.exec.ExecuteBuild] The daemon has started executing the build.
03:36:08.687 [DEBUG] [org.gradle.launcher.daemon.server.exec.ExecuteBuild] Executing build with daemon context: DefaultDaemonContext[uid=99a0a9c8-eb91-47ee-b117-9666d844513b,javaHome=/usr/lib/jvm/java-21-openjdk-arm64,daemonRegistryDir=/home/luke/.gradle/daemon,pid=18050,idleTimeout=10800000,daemonOpts=-Xmx2048m,-Dfile.encoding=UTF-8,-Duser.country=US,-Duser.language=en,-Duser.variant]
Download https://dl.google.com/dl/android/maven2/com/android/tools/build/gradle/8.1.4/gradle-8.1.4.pom
Download https://dl.google.com/dl/android/maven2/com/android/tools/sdklib/31.1.4/sdklib-31.1.4.pom
Download https://dl.google.com/dl/android/maven2/com/android/tools/ddms/ddmlib/31.1.4/ddmlib-31.1.4.pom
Download https://dl.google.com/dl/android/maven2/com/android/tools/repository/31.1.4/repository-31.1.4.pom
Download https://dl.google.com/dl/android/maven2/com/android/tools/sdk-common/31.1.4/sdk-common-31.1.4.pom
Download https://dl.google.com/dl/android/maven2/com/android/tools/build/gradle-settings-api/8.1.4/gradle-settings-api-8.1.4.pom
Download https://dl.google.com/dl/android/maven2/com/android/tools/build/builder/8.1.4/builder-8.1.4.pom
Download https://dl.google.com/dl/android/maven2/com/android/tools/build/aaptcompiler/8.1.4/aaptcompiler-8.1.4.pom
Download https://dl.google.com/dl/android/maven2/com/android/tools/build/builder-model/8.1.4/builder-model-8.1.4.pom
Download https://dl.google.com/dl/android/maven2/com/android/tools/build/gradle-api/8.1.4/gradle-api-8.1.4.pom
Download https://dl.google.com/dl/android/maven2/com/android/tools/analytics-library/crash/31.1.4/crash-31.1.4.pom
Download https://dl.google.com/dl/android/maven2/com/android/tools/lint/lint-typedef-remover/31.1.4/lint-typedef-remover-31.1.4.pom
Download https://dl.google.com/dl/android/maven2/androidx/databinding/databinding-compiler-common/8.1.4/databinding-compiler-common-8.1.4.pom
Download https://dl.google.com/dl/android/maven2/com/android/databinding/baseLibrary/8.1.4/baseLibrary-8.1.4.pom
Download https://dl.google.com/dl/android/maven2/androidx/databinding/databinding-common/8.1.4/databinding-common-8.1.4.pom
Download https://dl.google.com/dl/android/maven2/com/android/tools/lint/lint-model/31.1.4/lint-model-31.1.4.pom
Download https://dl.google.com/dl/android/maven2/com/android/tools/build/builder-test-api/8.1.4/builder-test-api-8.1.4.pom
Download https://dl.google.com/dl/android/maven2/com/android/tools/analytics-library/shared/31.1.4/shared-31.1.4.pom
Download https://dl.google.com/dl/android/maven2/com/android/tools/utp/android-device-provider-ddmlib-proto/31.1.4/android-device-provider-ddmlib-proto-31.1.4.pom
Download https://dl.google.com/dl/android/maven2/com/android/tools/layoutlib/layoutlib-api/31.1.4/layoutlib-api-31.1.4.pom
Download https://dl.google.com/dl/android/maven2/com/android/tools/utp/android-device-provider-gradle-proto/31.1.4/android-device-provider-gradle-proto-31.1.4.pom
Download https://dl.google.com/dl/android/maven2/com/android/tools/utp/android-test-plugin-host-coverage-proto/31.1.4/android-test-plugin-host-coverage-proto-31.1.4.pom
Download https://dl.google.com/dl/android/maven2/com/android/tools/utp/android-test-plugin-host-logcat-proto/31.1.4/android-test-plugin-host-logcat-proto-31.1.4.pom
Download https://dl.google.com/dl/android/maven2/com/android/tools/utp/android-test-plugin-host-apk-installer-proto/31.1.4/android-test-plugin-host-apk-installer-proto-31.1.4.pom
Download https://dl.google.com/dl/android/maven2/com/android/tools/utp/android-test-plugin-host-emulator-control-proto/31.1.4/android-test-plugin-host-emulator-control-proto-31.1.4.pom
Download https://dl.google.com/dl/android/maven2/com/android/tools/utp/android-test-plugin-host-additional-test-output-proto/31.1.4/android-test-plugin-host-additional-test-output-proto-31.1.4.pom
Download https://dl.google.com/dl/android/maven2/com/android/tools/utp/android-test-plugin-result-listener-gradle-proto/31.1.4/android-test-plugin-result-listener-gradle-proto-31.1.4.pom
Download https://dl.google.com/dl/android/maven2/com/android/tools/utp/android-test-plugin-host-retention-proto/31.1.4/android-test-plugin-host-retention-proto-31.1.4.pom
Download https://dl.google.com/dl/android/maven2/com/android/tools/build/transform-api/2.0.0-deprecated-use-gradle-api/transform-api-2.0.0-deprecated-use-gradle-api.pom
Download https://repo.maven.apache.org/maven2/org/ow2/asm/asm-commons/9.2/asm-commons-9.2.pom
Download https://repo.maven.apache.org/maven2/commons-io/commons-io/2.4/commons-io-2.4.pom
Download https://repo.maven.apache.org/maven2/org/ow2/asm/asm-util/9.2/asm-util-9.2.pom
Download https://repo.maven.apache.org/maven2/org/ow2/asm/asm/9.2/asm-9.2.pom
Download https://repo.maven.apache.org/maven2/org/apache/httpcomponents/httpmime/4.5.6/httpmime-4.5.6.pom
Download https://repo.maven.apache.org/maven2/org/bouncycastle/bcpkix-jdk15on/1.67/bcpkix-jdk15on-1.67.pom
Download https://repo.maven.apache.org/maven2/org/ow2/asm/asm-analysis/9.2/asm-analysis-9.2.pom
Download https://repo.maven.apache.org/maven2/org/jetbrains/kotlin/kotlin-stdlib-jdk8/1.8.20-RC2/kotlin-stdlib-jdk8-1.8.20-RC2.pom
Download https://repo.maven.apache.org/maven2/org/apache/httpcomponents/httpcomponents-client/4.5.6/httpcomponents-client-4.5.6.pom
Download https://repo.maven.apache.org/maven2/org/apache/commons/commons-parent/25/commons-parent-25.pom
Download https://repo.maven.apache.org/maven2/net/sf/jopt-simple/jopt-simple/4.9/jopt-simple-4.9.pom
Download https://repo.maven.apache.org/maven2/org/ow2/ow2/1.5/ow2-1.5.pom
Download https://repo.maven.apache.org/maven2/org/glassfish/jaxb/jaxb-runtime/2.3.2/jaxb-runtime-2.3.2.pom
Download https://repo.maven.apache.org/maven2/org/apache/httpcomponents/httpcomponents-parent/10/httpcomponents-parent-10.pom
Download https://dl.google.com/dl/android/maven2/com/android/tools/build/jetifier/jetifier-core/1.0.0-beta10/jetifier-core-1.0.0-beta10.pom
Download https://dl.google.com/dl/android/maven2/com/android/tools/build/jetifier/jetifier-processor/1.0.0-beta10/jetifier-processor-1.0.0-beta10.pom
Download https://dl.google.com/dl/android/maven2/com/android/tools/build/bundletool/1.14.0/bundletool-1.14.0.pom
Download https://repo.maven.apache.org/maven2/org/apache/apache/9/apache-9.pom
Download https://repo.maven.apache.org/maven2/com/sun/xml/bind/mvn/jaxb-runtime-parent/2.3.2/jaxb-runtime-parent-2.3.2.pom
Download https://repo.maven.apache.org/maven2/org/sonatype/oss/oss-parent/7/oss-parent-7.pom
Download https://repo.maven.apache.org/maven2/com/squareup/javapoet/1.10.0/javapoet-1.10.0.pom
Download https://repo.maven.apache.org/maven2/org/apache/apache/18/apache-18.pom
Download https://repo.maven.apache.org/maven2/com/google/protobuf/protobuf-java-util/3.19.3/protobuf-java-util-3.19.3.pom
Download https://repo.maven.apache.org/maven2/com/google/protobuf/protobuf-java/3.19.3/protobuf-java-3.19.3.pom
Download https://repo.maven.apache.org/maven2/com/google/code/gson/gson/2.8.6/gson-2.8.6.pom
Download https://repo.maven.apache.org/maven2/com/sun/xml/bind/mvn/jaxb-parent/2.3.2/jaxb-parent-2.3.2.pom
Download https://repo.maven.apache.org/maven2/io/grpc/grpc-core/1.45.1/grpc-core-1.45.1.pom
Download https://repo.maven.apache.org/maven2/io/grpc/grpc-netty/1.45.1/grpc-netty-1.45.1.pom
Download https://repo.maven.apache.org/maven2/com/google/protobuf/protobuf-parent/3.19.3/protobuf-parent-3.19.3.pom
Download https://dl.google.com/dl/android/maven2/com/google/testing/platform/core-proto/0.0.8-alpha08/core-proto-0.0.8-alpha08.pom
Download https://repo.maven.apache.org/maven2/com/sun/xml/bind/jaxb-bom-ext/2.3.2/jaxb-bom-ext-2.3.2.pom
Download https://repo.maven.apache.org/maven2/io/grpc/grpc-protobuf/1.45.1/grpc-protobuf-1.45.1.pom
Download https://repo.maven.apache.org/maven2/com/google/code/gson/gson-parent/2.8.6/gson-parent-2.8.6.pom
Download https://repo.maven.apache.org/maven2/io/grpc/grpc-stub/1.45.1/grpc-stub-1.45.1.pom
Download https://repo.maven.apache.org/maven2/com/google/flatbuffers/flatbuffers-java/1.12.0/flatbuffers-java-1.12.0.pom
Download https://repo.maven.apache.org/maven2/com/google/protobuf/protobuf-bom/3.19.3/protobuf-bom-3.19.3.pom
Download https://repo.maven.apache.org/maven2/com/google/crypto/tink/tink/1.7.0/tink-1.7.0.pom
Download https://repo.maven.apache.org/maven2/org/glassfish/jaxb/jaxb-bom/2.3.2/jaxb-bom-2.3.2.pom
Download https://dl.google.com/dl/android/maven2/com/android/tools/build/aapt2-proto/8.1.4-10154469/aapt2-proto-8.1.4-10154469.pom
Download https://repo.maven.apache.org/maven2/org/tensorflow/tensorflow-lite-metadata/0.1.0-rc2/tensorflow-lite-metadata-0.1.0-rc2.pom
Download https://repo.maven.apache.org/maven2/org/eclipse/ee4j/project/1.0.5/project-1.0.5.pom
Download https://dl.google.com/dl/android/maven2/com/android/signflinger/8.1.4/signflinger-8.1.4.pom
Download https://dl.google.com/dl/android/maven2/com/android/tools/build/manifest-merger/31.1.4/manifest-merger-31.1.4.pom
Download https://dl.google.com/dl/android/maven2/com/android/zipflinger/8.1.4/zipflinger-8.1.4.pom
Download https://dl.google.com/dl/android/maven2/com/android/tools/analytics-library/protos/31.1.4/protos-31.1.4.pom
Download https://dl.google.com/dl/android/maven2/com/android/tools/build/apkzlib/8.1.4/apkzlib-8.1.4.pom
Download https://dl.google.com/dl/android/maven2/com/android/tools/common/31.1.4/common-31.1.4.pom
Download https://dl.google.com/dl/android/maven2/com/android/tools/build/apksig/8.1.4/apksig-8.1.4.pom
Download https://repo.maven.apache.org/maven2/com/squareup/javawriter/2.5.0/javawriter-2.5.0.pom
Download https://dl.google.com/dl/android/maven2/com/android/tools/analytics-library/tracker/31.1.4/tracker-31.1.4.pom
Download https://repo.maven.apache.org/maven2/javax/inject/javax.inject/1/javax.inject-1.pom
Download https://repo.maven.apache.org/maven2/commons-codec/commons-codec/1.10/commons-codec-1.10.pom
Download https://repo.maven.apache.org/maven2/org/bouncycastle/bcprov-jdk15on/1.67/bcprov-jdk15on-1.67.pom
Download https://repo.maven.apache.org/maven2/org/apache/commons/commons-parent/35/commons-parent-35.pom
Download https://repo.maven.apache.org/maven2/org/apache/apache/15/apache-15.pom
Download https://dl.google.com/dl/android/maven2/com/android/tools/annotations/31.1.4/annotations-31.1.4.pom
Download https://repo.maven.apache.org/maven2/com/google/guava/guava/31.1-jre/guava-31.1-jre.pom
Download https://repo.maven.apache.org/maven2/com/google/guava/guava-parent/31.1-jre/guava-parent-31.1-jre.pom
Download https://repo.maven.apache.org/maven2/org/jetbrains/intellij/deps/trove4j/1.0.20200330/trove4j-1.0.20200330.pom
Download https://repo.maven.apache.org/maven2/org/jetbrains/kotlin/kotlin-reflect/1.8.20-RC2/kotlin-reflect-1.8.20-RC2.pom
Download https://repo.maven.apache.org/maven2/xerces/xercesImpl/2.12.0/xercesImpl-2.12.0.pom
Download https://repo.maven.apache.org/maven2/net/sf/kxml/kxml2/2.3.0/kxml2-2.3.0.pom
Download https://dl.google.com/dl/android/maven2/com/android/tools/dvlib/31.1.4/dvlib-31.1.4.pom
Download https://repo.maven.apache.org/maven2/org/apache/commons/commons-compress/1.21/commons-compress-1.21.pom
Download https://repo.maven.apache.org/maven2/org/apache/httpcomponents/httpcore/4.4.15/httpcore-4.4.15.pom
Download https://repo.maven.apache.org/maven2/org/apache/commons/commons-parent/52/commons-parent-52.pom
Download https://repo.maven.apache.org/maven2/org/apache/httpcomponents/httpcomponents-core/4.4.15/httpcomponents-core-4.4.15.pom
Download https://repo.maven.apache.org/maven2/org/apache/apache/23/apache-23.pom
Download https://repo.maven.apache.org/maven2/org/apache/httpcomponents/httpcomponents-parent/11/httpcomponents-parent-11.pom
Download https://repo.maven.apache.org/maven2/org/apache/apache/21/apache-21.pom
Download https://repo.maven.apache.org/maven2/com/google/jimfs/jimfs/1.1/jimfs-1.1.pom
Download https://repo.maven.apache.org/maven2/com/sun/activation/javax.activation/1.2.0/javax.activation-1.2.0.pom
Download https://repo.maven.apache.org/maven2/com/google/jimfs/jimfs-parent/1.1/jimfs-parent-1.1.pom
Download https://repo.maven.apache.org/maven2/com/sun/activation/all/1.2.0/all-1.2.0.pom
Download https://repo.maven.apache.org/maven2/net/java/jvnet-parent/1/jvnet-parent-1.pom
Download https://repo.maven.apache.org/maven2/org/jetbrains/annotations/13.0/annotations-13.0.pom
Download https://repo.maven.apache.org/maven2/org/apache/httpcomponents/httpclient/4.5.13/httpclient-4.5.13.pom
Download https://repo.maven.apache.org/maven2/org/apache/httpcomponents/httpcomponents-client/4.5.13/httpcomponents-client-4.5.13.pom
Download https://repo.maven.apache.org/maven2/net/java/dev/jna/jna-platform/5.6.0/jna-platform-5.6.0.pom
Download https://repo.maven.apache.org/maven2/com/googlecode/juniversalchardet/juniversalchardet/1.0.3/juniversalchardet-1.0.3.pom
Download https://repo.maven.apache.org/maven2/javax/annotation/javax.annotation-api/1.3.2/javax.annotation-api-1.3.2.pom
Download https://repo.maven.apache.org/maven2/net/java/jvnet-parent/3/jvnet-parent-3.pom
Download https://repo.maven.apache.org/maven2/org/jetbrains/kotlin/kotlin-stdlib-jdk7/1.8.20-RC2/kotlin-stdlib-jdk7-1.8.20-RC2.pom
Download https://repo.maven.apache.org/maven2/org/jetbrains/kotlin/kotlin-stdlib/1.8.20-RC2/kotlin-stdlib-1.8.20-RC2.pom
Download https://repo.maven.apache.org/maven2/org/ow2/asm/asm-tree/9.2/asm-tree-9.2.pom
Download https://repo.maven.apache.org/maven2/jakarta/activation/jakarta.activation-api/1.2.1/jakarta.activation-api-1.2.1.pom
Download https://repo.maven.apache.org/maven2/org/jvnet/staxex/stax-ex/1.8.1/stax-ex-1.8.1.pom
Download https://repo.maven.apache.org/maven2/com/sun/istack/istack-commons-runtime/3.0.8/istack-commons-runtime-3.0.8.pom
Download https://repo.maven.apache.org/maven2/org/glassfish/jaxb/txw2/2.3.2/txw2-2.3.2.pom
Download https://repo.maven.apache.org/maven2/jakarta/xml/bind/jakarta.xml.bind-api/2.3.2/jakarta.xml.bind-api-2.3.2.pom
Download https://repo.maven.apache.org/maven2/com/sun/xml/fastinfoset/FastInfoset/1.2.16/FastInfoset-1.2.16.pom
Download https://repo.maven.apache.org/maven2/com/sun/istack/istack-commons/3.0.8/istack-commons-3.0.8.pom
Download https://repo.maven.apache.org/maven2/com/sun/xml/fastinfoset/fastinfoset-project/1.2.16/fastinfoset-project-1.2.16.pom
Download https://repo.maven.apache.org/maven2/jakarta/xml/bind/jakarta.xml.bind-api-parent/2.3.2/jakarta.xml.bind-api-parent-2.3.2.pom
Download https://repo.maven.apache.org/maven2/com/sun/xml/bind/mvn/jaxb-txw-parent/2.3.2/jaxb-txw-parent-2.3.2.pom
Download https://repo.maven.apache.org/maven2/com/sun/activation/all/1.2.1/all-1.2.1.pom
Download https://repo.maven.apache.org/maven2/org/eclipse/ee4j/project/1.0.2/project-1.0.2.pom
Download https://repo.maven.apache.org/maven2/com/google/auto/value/auto-value-annotations/1.6.2/auto-value-annotations-1.6.2.pom
Download https://repo.maven.apache.org/maven2/com/google/errorprone/error_prone_annotations/2.3.1/error_prone_annotations-2.3.1.pom
Download https://repo.maven.apache.org/maven2/com/google/dagger/dagger/2.28.3/dagger-2.28.3.pom
Download https://repo.maven.apache.org/maven2/org/slf4j/slf4j-api/1.7.30/slf4j-api-1.7.30.pom
Download https://repo.maven.apache.org/maven2/org/bitbucket/b_c/jose4j/0.7.0/jose4j-0.7.0.pom
Download https://repo.maven.apache.org/maven2/com/google/auto/value/auto-value-parent/1.6.2/auto-value-parent-1.6.2.pom
Download https://repo.maven.apache.org/maven2/com/google/errorprone/error_prone_parent/2.3.1/error_prone_parent-2.3.1.pom
Download https://repo.maven.apache.org/maven2/org/slf4j/slf4j-parent/1.7.30/slf4j-parent-1.7.30.pom
Download https://repo.maven.apache.org/maven2/com/google/auto/auto-parent/6/auto-parent-6.pom
Download https://repo.maven.apache.org/maven2/org/jdom/jdom2/2.0.6/jdom2-2.0.6.pom
Download https://repo.maven.apache.org/maven2/io/grpc/grpc-api/maven-metadata.xml
Download https://repo.maven.apache.org/maven2/io/grpc/grpc-api/1.45.1/grpc-api-1.45.1.pom
Download https://repo.maven.apache.org/maven2/org/codehaus/mojo/animal-sniffer-annotations/1.19/animal-sniffer-annotations-1.19.pom
Download https://repo.maven.apache.org/maven2/com/google/android/annotations/4.1.1.4/annotations-4.1.1.4.pom
Download https://repo.maven.apache.org/maven2/io/perfmark/perfmark-api/0.23.0/perfmark-api-0.23.0.pom
Download https://repo.maven.apache.org/maven2/org/codehaus/mojo/animal-sniffer-parent/1.19/animal-sniffer-parent-1.19.pom
Download https://repo.maven.apache.org/maven2/org/codehaus/mojo/mojo-parent/50/mojo-parent-50.pom
Download https://repo.maven.apache.org/maven2/io/grpc/grpc-core/maven-metadata.xml
Download https://repo.maven.apache.org/maven2/io/netty/netty-handler-proxy/4.1.72.Final/netty-handler-proxy-4.1.72.Final.pom
Download https://repo.maven.apache.org/maven2/io/netty/netty-codec-http2/4.1.72.Final/netty-codec-http2-4.1.72.Final.pom
Download https://repo.maven.apache.org/maven2/io/netty/netty-parent/4.1.72.Final/netty-parent-4.1.72.Final.pom
Download https://repo.maven.apache.org/maven2/org/sonatype/oss/oss-parent/9/oss-parent-9.pom
Download https://repo.maven.apache.org/maven2/com/google/code/findbugs/jsr305/3.0.2/jsr305-3.0.2.pom
Download https://repo.maven.apache.org/maven2/io/grpc/grpc-protobuf-lite/1.45.1/grpc-protobuf-lite-1.45.1.pom
Download https://repo.maven.apache.org/maven2/com/google/api/grpc/proto-google-common-protos/2.0.1/proto-google-common-protos-2.0.1.pom
Download https://repo.maven.apache.org/maven2/org/checkerframework/checker-qual/2.5.8/checker-qual-2.5.8.pom
Download https://repo.maven.apache.org/maven2/xml-apis/xml-apis/1.4.01/xml-apis-1.4.01.pom
Download https://repo.maven.apache.org/maven2/net/java/dev/jna/jna/5.6.0/jna-5.6.0.pom
Download https://repo.maven.apache.org/maven2/io/grpc/grpc-context/1.45.1/grpc-context-1.45.1.pom
Download https://repo.maven.apache.org/maven2/io/netty/netty-codec/4.1.72.Final/netty-codec-4.1.72.Final.pom
Download https://repo.maven.apache.org/maven2/io/netty/netty-codec-http/4.1.72.Final/netty-codec-http-4.1.72.Final.pom
Download https://repo.maven.apache.org/maven2/io/netty/netty-handler/4.1.72.Final/netty-handler-4.1.72.Final.pom
Download https://repo.maven.apache.org/maven2/io/netty/netty-buffer/4.1.72.Final/netty-buffer-4.1.72.Final.pom
Download https://repo.maven.apache.org/maven2/io/netty/netty-common/4.1.72.Final/netty-common-4.1.72.Final.pom
Download https://repo.maven.apache.org/maven2/io/netty/netty-transport/4.1.72.Final/netty-transport-4.1.72.Final.pom
Download https://repo.maven.apache.org/maven2/io/netty/netty-codec-socks/4.1.72.Final/netty-codec-socks-4.1.72.Final.pom
Download https://repo.maven.apache.org/maven2/io/netty/netty-resolver/4.1.72.Final/netty-resolver-4.1.72.Final.pom
Download https://repo.maven.apache.org/maven2/io/netty/netty-tcnative-classes/2.0.46.Final/netty-tcnative-classes-2.0.46.Final.pom
Download https://repo.maven.apache.org/maven2/io/netty/netty-tcnative-parent/2.0.46.Final/netty-tcnative-parent-2.0.46.Final.pom
Download https://repo.maven.apache.org/maven2/com/google/code/gson/gson/2.8.9/gson-2.8.9.pom
Download https://repo.maven.apache.org/maven2/com/google/code/gson/gson-parent/2.8.9/gson-parent-2.8.9.pom
Download https://repo.maven.apache.org/maven2/commons-logging/commons-logging/1.2/commons-logging-1.2.pom
Download https://repo.maven.apache.org/maven2/org/apache/commons/commons-parent/34/commons-parent-34.pom
Download https://repo.maven.apache.org/maven2/org/apache/apache/13/apache-13.pom
Download https://repo.maven.apache.org/maven2/com/google/guava/failureaccess/1.0.1/failureaccess-1.0.1.pom
Download https://repo.maven.apache.org/maven2/com/google/j2objc/j2objc-annotations/1.3/j2objc-annotations-1.3.pom
Download https://repo.maven.apache.org/maven2/com/google/guava/listenablefuture/9999.0-empty-to-avoid-conflict-with-guava/listenablefuture-9999.0-empty-to-avoid-conflict-with-guava.pom
Download https://repo.maven.apache.org/maven2/com/google/guava/guava-parent/26.0-android/guava-parent-26.0-android.pom
Download https://repo.maven.apache.org/maven2/org/jetbrains/kotlin/kotlin-stdlib-common/1.8.20-RC2/kotlin-stdlib-common-1.8.20-RC2.pom
Download https://repo.maven.apache.org/maven2/com/google/errorprone/error_prone_annotations/2.11.0/error_prone_annotations-2.11.0.pom
Download https://repo.maven.apache.org/maven2/com/google/errorprone/error_prone_parent/2.11.0/error_prone_parent-2.11.0.pom
Download https://repo.maven.apache.org/maven2/commons-codec/commons-codec/1.11/commons-codec-1.11.pom
Download https://repo.maven.apache.org/maven2/org/apache/commons/commons-parent/42/commons-parent-42.pom
Download https://repo.maven.apache.org/maven2/org/checkerframework/checker-qual/3.12.0/checker-qual-3.12.0.pom
Download https://dl.google.com/dl/android/maven2/com/android/tools/build/builder/8.1.4/builder-8.1.4.jar
Download https://dl.google.com/dl/android/maven2/com/android/tools/sdk-common/31.1.4/sdk-common-31.1.4.jar
Download https://dl.google.com/dl/android/maven2/com/android/tools/build/gradle-settings-api/8.1.4/gradle-settings-api-8.1.4.jar
Download https://dl.google.com/dl/android/maven2/com/android/tools/build/gradle-api/8.1.4/gradle-api-8.1.4.jar
Download https://dl.google.com/dl/android/maven2/com/android/tools/lint/lint-model/31.1.4/lint-model-31.1.4.jar
Download https://dl.google.com/dl/android/maven2/com/android/tools/build/gradle/8.1.4/gradle-8.1.4.jar
Download https://dl.google.com/dl/android/maven2/com/android/tools/build/builder-model/8.1.4/builder-model-8.1.4.jar
Download https://dl.google.com/dl/android/maven2/com/android/tools/repository/31.1.4/repository-31.1.4.jar
Download https://dl.google.com/dl/android/maven2/com/android/tools/build/manifest-merger/31.1.4/manifest-merger-31.1.4.jar
Download https://dl.google.com/dl/android/maven2/com/android/tools/build/builder-test-api/8.1.4/builder-test-api-8.1.4.jar
Download https://dl.google.com/dl/android/maven2/com/android/tools/ddms/ddmlib/31.1.4/ddmlib-31.1.4.jar
Download https://dl.google.com/dl/android/maven2/com/android/tools/build/aaptcompiler/8.1.4/aaptcompiler-8.1.4.jar
Download https://dl.google.com/dl/android/maven2/com/android/tools/build/bundletool/1.14.0/bundletool-1.14.0.jar
Download https://dl.google.com/dl/android/maven2/com/android/tools/build/aapt2-proto/8.1.4-10154469/aapt2-proto-8.1.4-10154469.jar
Download https://dl.google.com/dl/android/maven2/com/android/tools/analytics-library/crash/31.1.4/crash-31.1.4.jar
Download https://dl.google.com/dl/android/maven2/com/android/tools/analytics-library/tracker/31.1.4/tracker-31.1.4.jar
Download https://dl.google.com/dl/android/maven2/com/android/tools/analytics-library/shared/31.1.4/shared-31.1.4.jar
Download https://dl.google.com/dl/android/maven2/com/android/tools/lint/lint-typedef-remover/31.1.4/lint-typedef-remover-31.1.4.jar
Download https://dl.google.com/dl/android/maven2/androidx/databinding/databinding-compiler-common/8.1.4/databinding-compiler-common-8.1.4.jar
Download https://dl.google.com/dl/android/maven2/androidx/databinding/databinding-common/8.1.4/databinding-common-8.1.4.jar
Download https://dl.google.com/dl/android/maven2/com/android/databinding/baseLibrary/8.1.4/baseLibrary-8.1.4.jar
Download https://dl.google.com/dl/android/maven2/com/android/tools/layoutlib/layoutlib-api/31.1.4/layoutlib-api-31.1.4.jar
Download https://dl.google.com/dl/android/maven2/com/android/tools/utp/android-device-provider-ddmlib-proto/31.1.4/android-device-provider-ddmlib-proto-31.1.4.jar
Download https://dl.google.com/dl/android/maven2/com/android/tools/utp/android-test-plugin-host-additional-test-output-proto/31.1.4/android-test-plugin-host-additional-test-output-proto-31.1.4.jar
Download https://dl.google.com/dl/android/maven2/com/android/tools/utp/android-device-provider-gradle-proto/31.1.4/android-device-provider-gradle-proto-31.1.4.jar
Download https://dl.google.com/dl/android/maven2/com/android/tools/utp/android-test-plugin-host-coverage-proto/31.1.4/android-test-plugin-host-coverage-proto-31.1.4.jar
Download https://dl.google.com/dl/android/maven2/com/android/tools/utp/android-test-plugin-host-emulator-control-proto/31.1.4/android-test-plugin-host-emulator-control-proto-31.1.4.jar
Download https://dl.google.com/dl/android/maven2/com/android/tools/utp/android-test-plugin-host-logcat-proto/31.1.4/android-test-plugin-host-logcat-proto-31.1.4.jar
Download https://dl.google.com/dl/android/maven2/com/android/tools/utp/android-test-plugin-host-apk-installer-proto/31.1.4/android-test-plugin-host-apk-installer-proto-31.1.4.jar
Download https://dl.google.com/dl/android/maven2/com/android/tools/utp/android-test-plugin-host-retention-proto/31.1.4/android-test-plugin-host-retention-proto-31.1.4.jar
Download https://dl.google.com/dl/android/maven2/com/android/tools/utp/android-test-plugin-result-listener-gradle-proto/31.1.4/android-test-plugin-result-listener-gradle-proto-31.1.4.jar
Download https://dl.google.com/dl/android/maven2/com/android/tools/dvlib/31.1.4/dvlib-31.1.4.jar
Download https://dl.google.com/dl/android/maven2/com/android/tools/common/31.1.4/common-31.1.4.jar
Download https://repo.maven.apache.org/maven2/org/jetbrains/kotlin/kotlin-stdlib-jdk8/1.8.20-RC2/kotlin-stdlib-jdk8-1.8.20-RC2.jar
Download https://dl.google.com/dl/android/maven2/com/android/tools/build/transform-api/2.0.0-deprecated-use-gradle-api/transform-api-2.0.0-deprecated-use-gradle-api.jar
Download https://repo.maven.apache.org/maven2/org/apache/httpcomponents/httpmime/4.5.6/httpmime-4.5.6.jar
Download https://repo.maven.apache.org/maven2/commons-io/commons-io/2.4/commons-io-2.4.jar
Download https://dl.google.com/dl/android/maven2/com/android/tools/build/jetifier/jetifier-processor/1.0.0-beta10/jetifier-processor-1.0.0-beta10.jar
Download https://repo.maven.apache.org/maven2/org/ow2/asm/asm-util/9.2/asm-util-9.2.jar
Download https://repo.maven.apache.org/maven2/org/ow2/asm/asm-commons/9.2/asm-commons-9.2.jar
Download https://repo.maven.apache.org/maven2/org/ow2/asm/asm-analysis/9.2/asm-analysis-9.2.jar
Download https://repo.maven.apache.org/maven2/org/ow2/asm/asm-tree/9.2/asm-tree-9.2.jar
Download https://repo.maven.apache.org/maven2/org/ow2/asm/asm/9.2/asm-9.2.jar
Download https://dl.google.com/dl/android/maven2/com/android/tools/build/apkzlib/8.1.4/apkzlib-8.1.4.jar
Download https://repo.maven.apache.org/maven2/org/bouncycastle/bcpkix-jdk15on/1.67/bcpkix-jdk15on-1.67.jar
Download https://repo.maven.apache.org/maven2/org/glassfish/jaxb/jaxb-runtime/2.3.2/jaxb-runtime-2.3.2.jar
Download https://repo.maven.apache.org/maven2/net/sf/jopt-simple/jopt-simple/4.9/jopt-simple-4.9.jar
Download https://dl.google.com/dl/android/maven2/com/android/tools/build/jetifier/jetifier-core/1.0.0-beta10/jetifier-core-1.0.0-beta10.jar
Download https://repo.maven.apache.org/maven2/com/squareup/javapoet/1.10.0/javapoet-1.10.0.jar
Download https://repo.maven.apache.org/maven2/io/grpc/grpc-protobuf/1.45.1/grpc-protobuf-1.45.1.jar
Download https://repo.maven.apache.org/maven2/com/google/crypto/tink/tink/1.7.0/tink-1.7.0.jar
Download https://repo.maven.apache.org/maven2/com/google/api/grpc/proto-google-common-protos/2.0.1/proto-google-common-protos-2.0.1.jar
Download https://dl.google.com/dl/android/maven2/com/android/tools/analytics-library/protos/31.1.4/protos-31.1.4.jar
Download https://repo.maven.apache.org/maven2/com/google/protobuf/protobuf-java-util/3.19.3/protobuf-java-util-3.19.3.jar
Download https://repo.maven.apache.org/maven2/com/google/protobuf/protobuf-java/3.19.3/protobuf-java-3.19.3.jar
Download https://repo.maven.apache.org/maven2/io/grpc/grpc-netty/1.45.1/grpc-netty-1.45.1.jar
Download https://repo.maven.apache.org/maven2/io/grpc/grpc-core/1.45.1/grpc-core-1.45.1.jar
Download https://repo.maven.apache.org/maven2/com/google/code/gson/gson/2.8.9/gson-2.8.9.jar
Download https://repo.maven.apache.org/maven2/io/grpc/grpc-stub/1.45.1/grpc-stub-1.45.1.jar
Download https://dl.google.com/dl/android/maven2/com/google/testing/platform/core-proto/0.0.8-alpha08/core-proto-0.0.8-alpha08.jar
Download https://repo.maven.apache.org/maven2/org/tensorflow/tensorflow-lite-metadata/0.1.0-rc2/tensorflow-lite-metadata-0.1.0-rc2.jar
Download https://dl.google.com/dl/android/maven2/com/android/signflinger/8.1.4/signflinger-8.1.4.jar
Download https://repo.maven.apache.org/maven2/com/google/flatbuffers/flatbuffers-java/1.12.0/flatbuffers-java-1.12.0.jar
Download https://dl.google.com/dl/android/maven2/com/android/zipflinger/8.1.4/zipflinger-8.1.4.jar
Download https://dl.google.com/dl/android/maven2/com/android/tools/build/apksig/8.1.4/apksig-8.1.4.jar
Download https://repo.maven.apache.org/maven2/com/squareup/javawriter/2.5.0/javawriter-2.5.0.jar
Download https://repo.maven.apache.org/maven2/org/apache/httpcomponents/httpclient/4.5.13/httpclient-4.5.13.jar
Download https://repo.maven.apache.org/maven2/commons-codec/commons-codec/1.11/commons-codec-1.11.jar
Download https://repo.maven.apache.org/maven2/org/bouncycastle/bcprov-jdk15on/1.67/bcprov-jdk15on-1.67.jar
Download https://repo.maven.apache.org/maven2/com/google/dagger/dagger/2.28.3/dagger-2.28.3.jar
Download https://repo.maven.apache.org/maven2/javax/inject/javax.inject/1/javax.inject-1.jar
Download https://dl.google.com/dl/android/maven2/com/android/tools/annotations/31.1.4/annotations-31.1.4.jar
Download https://repo.maven.apache.org/maven2/com/google/jimfs/jimfs/1.1/jimfs-1.1.jar
Download https://repo.maven.apache.org/maven2/io/grpc/grpc-protobuf-lite/1.45.1/grpc-protobuf-lite-1.45.1.jar
Download https://repo.maven.apache.org/maven2/io/grpc/grpc-api/1.45.1/grpc-api-1.45.1.jar
Download https://repo.maven.apache.org/maven2/com/google/guava/guava/31.1-jre/guava-31.1-jre.jar
Download https://repo.maven.apache.org/maven2/net/sf/kxml/kxml2/2.3.0/kxml2-2.3.0.jar
Download https://repo.maven.apache.org/maven2/org/jetbrains/intellij/deps/trove4j/1.0.20200330/trove4j-1.0.20200330.jar
Download https://repo.maven.apache.org/maven2/org/jetbrains/kotlin/kotlin-reflect/1.8.20-RC2/kotlin-reflect-1.8.20-RC2.jar
Download https://repo.maven.apache.org/maven2/xerces/xercesImpl/2.12.0/xercesImpl-2.12.0.jar
Download https://repo.maven.apache.org/maven2/org/apache/commons/commons-compress/1.21/commons-compress-1.21.jar
Download https://repo.maven.apache.org/maven2/org/apache/httpcomponents/httpcore/4.4.15/httpcore-4.4.15.jar
Download https://repo.maven.apache.org/maven2/com/sun/activation/javax.activation/1.2.0/javax.activation-1.2.0.jar
Download https://repo.maven.apache.org/maven2/org/jetbrains/kotlin/kotlin-stdlib-jdk7/1.8.20-RC2/kotlin-stdlib-jdk7-1.8.20-RC2.jar
Download https://repo.maven.apache.org/maven2/org/jetbrains/kotlin/kotlin-stdlib/1.8.20-RC2/kotlin-stdlib-1.8.20-RC2.jar
Download https://repo.maven.apache.org/maven2/org/jetbrains/annotations/13.0/annotations-13.0.jar
Download https://repo.maven.apache.org/maven2/net/java/dev/jna/jna-platform/5.6.0/jna-platform-5.6.0.jar
Download https://repo.maven.apache.org/maven2/com/googlecode/juniversalchardet/juniversalchardet/1.0.3/juniversalchardet-1.0.3.jar
Download https://repo.maven.apache.org/maven2/javax/annotation/javax.annotation-api/1.3.2/javax.annotation-api-1.3.2.jar
Download https://repo.maven.apache.org/maven2/org/jvnet/staxex/stax-ex/1.8.1/stax-ex-1.8.1.jar
Download https://repo.maven.apache.org/maven2/jakarta/xml/bind/jakarta.xml.bind-api/2.3.2/jakarta.xml.bind-api-2.3.2.jar
Download https://repo.maven.apache.org/maven2/org/glassfish/jaxb/txw2/2.3.2/txw2-2.3.2.jar
Download https://repo.maven.apache.org/maven2/com/sun/istack/istack-commons-runtime/3.0.8/istack-commons-runtime-3.0.8.jar
Download https://repo.maven.apache.org/maven2/com/sun/xml/fastinfoset/FastInfoset/1.2.16/FastInfoset-1.2.16.jar
Download https://repo.maven.apache.org/maven2/jakarta/activation/jakarta.activation-api/1.2.1/jakarta.activation-api-1.2.1.jar
Download https://repo.maven.apache.org/maven2/com/google/auto/value/auto-value-annotations/1.6.2/auto-value-annotations-1.6.2.jar
Download https://repo.maven.apache.org/maven2/com/google/errorprone/error_prone_annotations/2.11.0/error_prone_annotations-2.11.0.jar
Download https://repo.maven.apache.org/maven2/org/bitbucket/b_c/jose4j/0.7.0/jose4j-0.7.0.jar
Download https://repo.maven.apache.org/maven2/org/slf4j/slf4j-api/1.7.30/slf4j-api-1.7.30.jar
Download https://repo.maven.apache.org/maven2/org/jdom/jdom2/2.0.6/jdom2-2.0.6.jar
Download https://repo.maven.apache.org/maven2/com/google/android/annotations/4.1.1.4/annotations-4.1.1.4.jar
Download https://repo.maven.apache.org/maven2/org/codehaus/mojo/animal-sniffer-annotations/1.19/animal-sniffer-annotations-1.19.jar
Download https://repo.maven.apache.org/maven2/io/perfmark/perfmark-api/0.23.0/perfmark-api-0.23.0.jar
Download https://repo.maven.apache.org/maven2/io/netty/netty-codec-http2/4.1.72.Final/netty-codec-http2-4.1.72.Final.jar
Download https://repo.maven.apache.org/maven2/io/netty/netty-handler-proxy/4.1.72.Final/netty-handler-proxy-4.1.72.Final.jar
Download https://repo.maven.apache.org/maven2/com/google/code/findbugs/jsr305/3.0.2/jsr305-3.0.2.jar
Download https://repo.maven.apache.org/maven2/org/checkerframework/checker-qual/3.12.0/checker-qual-3.12.0.jar
Download https://repo.maven.apache.org/maven2/xml-apis/xml-apis/1.4.01/xml-apis-1.4.01.jar
Download https://repo.maven.apache.org/maven2/net/java/dev/jna/jna/5.6.0/jna-5.6.0.jar
Download https://repo.maven.apache.org/maven2/io/grpc/grpc-context/1.45.1/grpc-context-1.45.1.jar
Download https://repo.maven.apache.org/maven2/io/netty/netty-codec-http/4.1.72.Final/netty-codec-http-4.1.72.Final.jar
Download https://repo.maven.apache.org/maven2/io/netty/netty-handler/4.1.72.Final/netty-handler-4.1.72.Final.jar
Download https://repo.maven.apache.org/maven2/io/netty/netty-codec-socks/4.1.72.Final/netty-codec-socks-4.1.72.Final.jar
Download https://repo.maven.apache.org/maven2/io/netty/netty-transport/4.1.72.Final/netty-transport-4.1.72.Final.jar
Download https://repo.maven.apache.org/maven2/io/netty/netty-codec/4.1.72.Final/netty-codec-4.1.72.Final.jar
Download https://repo.maven.apache.org/maven2/io/netty/netty-buffer/4.1.72.Final/netty-buffer-4.1.72.Final.jar
Download https://repo.maven.apache.org/maven2/io/netty/netty-resolver/4.1.72.Final/netty-resolver-4.1.72.Final.jar
Download https://repo.maven.apache.org/maven2/io/netty/netty-tcnative-classes/2.0.46.Final/netty-tcnative-classes-2.0.46.Final.jar
Download https://repo.maven.apache.org/maven2/io/netty/netty-common/4.1.72.Final/netty-common-4.1.72.Final.jar
Download https://repo.maven.apache.org/maven2/commons-logging/commons-logging/1.2/commons-logging-1.2.jar
Download https://repo.maven.apache.org/maven2/com/google/guava/failureaccess/1.0.1/failureaccess-1.0.1.jar
Download https://repo.maven.apache.org/maven2/com/google/j2objc/j2objc-annotations/1.3/j2objc-annotations-1.3.jar
Download https://repo.maven.apache.org/maven2/com/google/guava/listenablefuture/9999.0-empty-to-avoid-conflict-with-guava/listenablefuture-9999.0-empty-to-avoid-conflict-with-guava.jar
Download https://repo.maven.apache.org/maven2/org/jetbrains/kotlin/kotlin-stdlib-common/1.8.20-RC2/kotlin-stdlib-common-1.8.20-RC2.jar
Download https://dl.google.com/dl/android/maven2/com/android/tools/sdklib/31.1.4/sdklib-31.1.4.jar

FAILURE: Build failed with an exception.

* Where:
Build file '/home/luke/HoneyComb/HoneycombLauncher/app/build.gradle' line: 1

* What went wrong:
A problem occurred evaluating project ':app'.
> Failed to apply plugin [id 'com.android.internal.version-check']
   > Minimum supported Gradle version is 8.0. Current version is 4.4.1. If using the gradle wrapper, try editing the distributionUrl in /home/luke/HoneyComb/HoneycombLauncher/gradle/wrapper/gradle-wrapper.properties to gradle-8.0-all.zip

* Try:
Run with --stacktrace option to get the stack trace. Run with --info or --debug option to get more log output. Run with --scan to get full insights.

* Get more help at https://help.gradle.org

BUILD FAILED in 1m 58s
03:37:58.137 [DEBUG] [org.gradle.launcher.daemon.server.exec.ExecuteBuild] The daemon has finished executing the build.
03:37:58.151 [DEBUG] [org.gradle.launcher.daemon.server.DaemonStateCoordinator] daemon is running. Sleeping until state changes.
03:37:58.153 [DEBUG] [org.gradle.launcher.daemon.server.DaemonStateCoordinator] Command execution: finished waiting for DaemonCommandExecution[command = Build{id=3f067679-44b5-4d45-9300-31b2fe5dc1ad.1, currentDir=/home/luke/HoneyComb/HoneycombLauncher}, connection = DefaultDaemonConnection: socket connection from /127.0.0.1:46395 to /127.0.0.1:48586]. Result org.gradle.launcher.daemon.server.DaemonStateCoordinator@78df228a with state Busy
03:37:58.154 [DEBUG] [org.gradle.launcher.daemon.server.DaemonStateCoordinator] Command execution: completed DaemonCommandExecution[command = Build{id=3f067679-44b5-4d45-9300-31b2fe5dc1ad.1, currentDir=/home/luke/HoneyComb/HoneycombLauncher}, connection = DefaultDaemonConnection: socket connection from /127.0.0.1:46395 to /127.0.0.1:48586]
03:37:58.154 [DEBUG] [org.gradle.launcher.daemon.server.DaemonStateCoordinator] resetting idle timer
03:37:58.155 [INFO] [org.gradle.launcher.daemon.server.DaemonRegistryUpdater] Marking the daemon as idle, address: [35501cb5-eaa9-407f-a962-58a934bceebe port:46395, addresses:[/127.0.0.1]]
03:37:58.155 [DEBUG] [org.gradle.launcher.daemon.registry.PersistentDaemonRegistry] Marking busy by address: [35501cb5-eaa9-407f-a962-58a934bceebe port:46395, addresses:[/127.0.0.1]]
03:37:58.159 [DEBUG] [org.gradle.cache.internal.DefaultFileLockManager] Waiting to acquire exclusive lock on daemon addresses registry.
03:37:58.162 [DEBUG] [org.gradle.cache.internal.DefaultFileLockManager] Lock acquired on daemon addresses registry.
03:37:58.166 [DEBUG] [org.gradle.cache.internal.DefaultFileLockManager] Releasing lock on daemon addresses registry.
03:37:58.168 [DEBUG] [org.gradle.launcher.daemon.server.DaemonStateCoordinator] daemon is running. Sleeping until state changes.
03:37:58.169 [DEBUG] [org.gradle.launcher.daemon.server.exec.ReturnResult] Daemon is dispatching the build result: Failure[value=org.gradle.initialization.ReportedException: org.gradle.internal.exceptions.LocationAwareException: Build file '/home/luke/HoneyComb/HoneycombLauncher/app/build.gradle' line: 1
A problem occurred evaluating project ':app'.]
03:37:58.170 [DEBUG] [org.gradle.launcher.daemon.server.SynchronizedDispatchConnection] thread 25: dispatching class org.gradle.launcher.daemon.protocol.Failure
03:37:58.263 [DEBUG] [org.gradle.launcher.daemon.server.DefaultIncomingConnectionHandler] Finishing executing command: Build{id=3f067679-44b5-4d45-9300-31b2fe5dc1ad.1, currentDir=/home/luke/HoneyComb/HoneycombLauncher}
03:37:58.539 [DEBUG] [org.gradle.launcher.daemon.server.SynchronizedDispatchConnection] thread 26: received class org.gradle.launcher.daemon.protocol.CloseInput
03:37:58.540 [DEBUG] [org.gradle.launcher.daemon.server.DefaultDaemonConnection] thread 26: Received IO message from client: org.gradle.launcher.daemon.protocol.CloseInput@18198c4c
03:37:58.554 [DEBUG] [org.gradle.launcher.daemon.server.SynchronizedDispatchConnection] thread 26: received class org.gradle.launcher.daemon.protocol.Finished
03:37:58.560 [DEBUG] [org.gradle.launcher.daemon.server.DefaultDaemonConnection] thread 26: Received non-IO message from client: org.gradle.launcher.daemon.protocol.Finished@666d039c
03:37:58.561 [DEBUG] [org.gradle.launcher.daemon.server.DefaultIncomingConnectionHandler] Received finished message: org.gradle.launcher.daemon.protocol.Finished@666d039c
03:37:58.562 [DEBUG] [org.gradle.launcher.daemon.server.SynchronizedDispatchConnection] thread 25: stopping connection
03:37:58.562 [DEBUG] [org.gradle.internal.remote.internal.inet.SocketConnection] Discarding EOFException: java.io.EOFException
03:37:58.564 [DEBUG] [org.gradle.launcher.daemon.server.SynchronizedDispatchConnection] thread 26: received null
03:37:58.564 [DEBUG] [org.gradle.launcher.daemon.server.DefaultDaemonConnection] thread 26: Received end-of-input from client.
03:37:58.569 [DEBUG] [org.gradle.launcher.daemon.server.SynchronizedDispatchConnection] thread 25: stopping connection
03:38:08.099 [DEBUG] [org.gradle.launcher.daemon.server.Daemon] DaemonExpirationPeriodicCheck running
03:38:08.116 [DEBUG] [org.gradle.cache.internal.DefaultFileLockManager] Waiting to acquire shared lock on daemon addresses registry.
03:38:08.125 [DEBUG] [org.gradle.cache.internal.DefaultFileLockManager] Lock acquired on daemon addresses registry.
03:38:08.138 [DEBUG] [org.gradle.cache.internal.DefaultFileLockManager] Releasing lock on daemon addresses registry.
03:38:08.168 [DEBUG] [org.gradle.cache.internal.DefaultFileLockManager] Waiting to acquire shared lock on daemon addresses registry.
03:38:08.176 [DEBUG] [org.gradle.cache.internal.DefaultFileLockManager] Lock acquired on daemon addresses registry.
03:38:08.181 [DEBUG] [org.gradle.cache.internal.DefaultFileLockManager] Releasing lock on daemon addresses registry.
03:38:18.099 [DEBUG] [org.gradle.launcher.daemon.server.Daemon] DaemonExpirationPeriodicCheck running
03:38:18.112 [DEBUG] [org.gradle.cache.internal.DefaultFileLockManager] Waiting to acquire shared lock on daemon addresses registry.
03:38:18.115 [DEBUG] [org.gradle.cache.internal.DefaultFileLockManager] Lock acquired on daemon addresses registry.
03:38:18.118 [DEBUG] [org.gradle.cache.internal.DefaultFileLockManager] Releasing lock on daemon addresses registry.
03:38:18.129 [DEBUG] [org.gradle.cache.internal.DefaultFileLockManager] Waiting to acquire shared lock on daemon addresses registry.
03:38:18.132 [DEBUG] [org.gradle.cache.internal.DefaultFileLockManager] Lock acquired on daemon addresses registry.
03:38:18.137 [DEBUG] [org.gradle.cache.internal.DefaultFileLockManager] Releasing lock on daemon addresses registry.
03:38:18.158 [DEBUG] [org.gradle.cache.internal.DefaultFileLockManager] Waiting to acquire shared lock on daemon addresses registry.
03:38:18.163 [DEBUG] [org.gradle.cache.internal.DefaultFileLockManager] Lock acquired on daemon addresses registry.
03:38:18.172 [DEBUG] [org.gradle.cache.internal.DefaultFileLockManager] Releasing lock on daemon addresses registry.
03:38:28.099 [DEBUG] [org.gradle.launcher.daemon.server.Daemon] DaemonExpirationPeriodicCheck running
03:38:28.101 [DEBUG] [org.gradle.cache.internal.DefaultFileLockManager] Waiting to acquire shared lock on daemon addresses registry.
03:38:28.103 [DEBUG] [org.gradle.cache.internal.DefaultFileLockManager] Lock acquired on daemon addresses registry.
03:38:28.104 [DEBUG] [org.gradle.cache.internal.DefaultFileLockManager] Releasing lock on daemon addresses registry.
03:38:28.110 [DEBUG] [org.gradle.cache.internal.DefaultFileLockManager] Waiting to acquire shared lock on daemon addresses registry.
03:38:28.111 [DEBUG] [org.gradle.cache.internal.DefaultFileLockManager] Lock acquired on daemon addresses registry.
03:38:28.112 [DEBUG] [org.gradle.cache.internal.DefaultFileLockManager] Releasing lock on daemon addresses registry.
03:38:28.117 [DEBUG] [org.gradle.cache.internal.DefaultFileLockManager] Waiting to acquire shared lock on daemon addresses registry.
03:38:28.118 [DEBUG] [org.gradle.cache.internal.DefaultFileLockManager] Lock acquired on daemon addresses registry.
03:38:28.119 [DEBUG] [org.gradle.cache.internal.DefaultFileLockManager] Releasing lock on daemon addresses registry.
03:38:38.099 [DEBUG] [org.gradle.launcher.daemon.server.Daemon] DaemonExpirationPeriodicCheck running
03:38:38.110 [DEBUG] [org.gradle.cache.internal.DefaultFileLockManager] Waiting to acquire shared lock on daemon addresses registry.
03:38:38.112 [DEBUG] [org.gradle.cache.internal.DefaultFileLockManager] Lock acquired on daemon addresses registry.
03:38:38.115 [DEBUG] [org.gradle.cache.internal.DefaultFileLockManager] Releasing lock on daemon addresses registry.
03:38:38.132 [DEBUG] [org.gradle.cache.internal.DefaultFileLockManager] Waiting to acquire shared lock on daemon addresses registry.
03:38:38.134 [DEBUG] [org.gradle.cache.internal.DefaultFileLockManager] Lock acquired on daemon addresses registry.
03:38:38.136 [DEBUG] [org.gradle.cache.internal.DefaultFileLockManager] Releasing lock on daemon addresses registry.
03:38:38.141 [DEBUG] [org.gradle.cache.internal.DefaultFileLockManager] Waiting to acquire shared lock on daemon addresses registry.
03:38:38.144 [DEBUG] [org.gradle.cache.internal.DefaultFileLockManager] Lock acquired on daemon addresses registry.
03:38:38.148 [DEBUG] [org.gradle.cache.internal.DefaultFileLockManager] Releasing lock on daemon addresses registry.
03:38:48.100 [DEBUG] [org.gradle.launcher.daemon.server.Daemon] DaemonExpirationPeriodicCheck running
03:38:48.109 [DEBUG] [org.gradle.cache.internal.DefaultFileLockManager] Waiting to acquire shared lock on daemon addresses registry.
03:38:48.112 [DEBUG] [org.gradle.cache.internal.DefaultFileLockManager] Lock acquired on daemon addresses registry.
03:38:48.115 [DEBUG] [org.gradle.cache.internal.DefaultFileLockManager] Releasing lock on daemon addresses registry.
03:38:48.128 [DEBUG] [org.gradle.cache.internal.DefaultFileLockManager] Waiting to acquire shared lock on daemon addresses registry.
03:38:48.129 [DEBUG] [org.gradle.cache.internal.DefaultFileLockManager] Lock acquired on daemon addresses registry.
03:38:48.133 [DEBUG] [org.gradle.cache.internal.DefaultFileLockManager] Releasing lock on daemon addresses registry.
03:38:48.141 [DEBUG] [org.gradle.cache.internal.DefaultFileLockManager] Waiting to acquire shared lock on daemon addresses registry.
03:38:48.143 [DEBUG] [org.gradle.cache.internal.DefaultFileLockManager] Lock acquired on daemon addresses registry.
03:38:48.147 [DEBUG] [org.gradle.cache.internal.DefaultFileLockManager] Releasing lock on daemon addresses registry.
03:38:58.100 [DEBUG] [org.gradle.launcher.daemon.server.Daemon] DaemonExpirationPeriodicCheck running
03:38:58.110 [DEBUG] [org.gradle.cache.internal.DefaultFileLockManager] Waiting to acquire shared lock on daemon addresses registry.
03:38:58.112 [DEBUG] [org.gradle.cache.internal.DefaultFileLockManager] Lock acquired on daemon addresses registry.
03:38:58.116 [DEBUG] [org.gradle.cache.internal.DefaultFileLockManager] Releasing lock on daemon addresses registry.
03:38:58.150 [DEBUG] [org.gradle.cache.internal.DefaultFileLockManager] Waiting to acquire shared lock on daemon addresses registry.
03:38:58.153 [DEBUG] [org.gradle.cache.internal.DefaultFileLockManager] Lock acquired on daemon addresses registry.
03:38:58.163 [DEBUG] [org.gradle.cache.internal.DefaultFileLockManager] Releasing lock on daemon addresses registry.
03:38:58.172 [DEBUG] [org.gradle.cache.internal.DefaultFileLockManager] Waiting to acquire shared lock on daemon addresses registry.
03:38:58.174 [DEBUG] [org.gradle.cache.internal.DefaultFileLockManager] Lock acquired on daemon addresses registry.
03:38:58.178 [DEBUG] [org.gradle.cache.internal.DefaultFileLockManager] Releasing lock on daemon addresses registry.
03:39:08.100 [DEBUG] [org.gradle.launcher.daemon.server.Daemon] DaemonExpirationPeriodicCheck running
03:39:08.108 [DEBUG] [org.gradle.cache.internal.DefaultFileLockManager] Waiting to acquire shared lock on daemon addresses registry.
03:39:08.110 [DEBUG] [org.gradle.cache.internal.DefaultFileLockManager] Lock acquired on daemon addresses registry.
03:39:08.114 [DEBUG] [org.gradle.cache.internal.DefaultFileLockManager] Releasing lock on daemon addresses registry.
03:39:08.127 [DEBUG] [org.gradle.cache.internal.DefaultFileLockManager] Waiting to acquire shared lock on daemon addresses registry.
03:39:08.130 [DEBUG] [org.gradle.cache.internal.DefaultFileLockManager] Lock acquired on daemon addresses registry.
03:39:08.133 [DEBUG] [org.gradle.cache.internal.DefaultFileLockManager] Releasing lock on daemon addresses registry.
03:39:08.142 [DEBUG] [org.gradle.cache.internal.DefaultFileLockManager] Waiting to acquire shared lock on daemon addresses registry.
03:39:08.144 [DEBUG] [org.gradle.cache.internal.DefaultFileLockManager] Lock acquired on daemon addresses registry.
03:39:08.147 [DEBUG] [org.gradle.cache.internal.DefaultFileLockManager] Releasing lock on daemon addresses registry.
03:39:18.099 [DEBUG] [org.gradle.launcher.daemon.server.Daemon] DaemonExpirationPeriodicCheck running
03:39:18.107 [DEBUG] [org.gradle.cache.internal.DefaultFileLockManager] Waiting to acquire shared lock on daemon addresses registry.
03:39:18.109 [DEBUG] [org.gradle.cache.internal.DefaultFileLockManager] Lock acquired on daemon addresses registry.
03:39:18.113 [DEBUG] [org.gradle.cache.internal.DefaultFileLockManager] Releasing lock on daemon addresses registry.
03:39:18.123 [DEBUG] [org.gradle.cache.internal.DefaultFileLockManager] Waiting to acquire shared lock on daemon addresses registry.
03:39:18.124 [DEBUG] [org.gradle.cache.internal.DefaultFileLockManager] Lock acquired on daemon addresses registry.
03:39:18.128 [DEBUG] [org.gradle.cache.internal.DefaultFileLockManager] Releasing lock on daemon addresses registry.
03:39:18.136 [DEBUG] [org.gradle.cache.internal.DefaultFileLockManager] Waiting to acquire shared lock on daemon addresses registry.
03:39:18.138 [DEBUG] [org.gradle.cache.internal.DefaultFileLockManager] Lock acquired on daemon addresses registry.
03:39:18.142 [DEBUG] [org.gradle.cache.internal.DefaultFileLockManager] Releasing lock on daemon addresses registry.
03:39:28.100 [DEBUG] [org.gradle.launcher.daemon.server.Daemon] DaemonExpirationPeriodicCheck running
03:39:28.107 [DEBUG] [org.gradle.cache.internal.DefaultFileLockManager] Waiting to acquire shared lock on daemon addresses registry.
03:39:28.108 [DEBUG] [org.gradle.cache.internal.DefaultFileLockManager] Lock acquired on daemon addresses registry.
03:39:28.111 [DEBUG] [org.gradle.cache.internal.DefaultFileLockManager] Releasing lock on daemon addresses registry.
03:39:28.124 [DEBUG] [org.gradle.cache.internal.DefaultFileLockManager] Waiting to acquire shared lock on daemon addresses registry.
03:39:28.126 [DEBUG] [org.gradle.cache.internal.DefaultFileLockManager] Lock acquired on daemon addresses registry.
03:39:28.129 [DEBUG] [org.gradle.cache.internal.DefaultFileLockManager] Releasing lock on daemon addresses registry.
03:39:28.137 [DEBUG] [org.gradle.cache.internal.DefaultFileLockManager] Waiting to acquire shared lock on daemon addresses registry.
03:39:28.145 [DEBUG] [org.gradle.cache.internal.DefaultFileLockManager] Lock acquired on daemon addresses registry.
03:39:28.149 [DEBUG] [org.gradle.cache.internal.DefaultFileLockManager] Releasing lock on daemon addresses registry.
03:39:38.099 [DEBUG] [org.gradle.launcher.daemon.server.Daemon] DaemonExpirationPeriodicCheck running
03:39:38.105 [DEBUG] [org.gradle.cache.internal.DefaultFileLockManager] Waiting to acquire shared lock on daemon addresses registry.
03:39:38.108 [DEBUG] [org.gradle.cache.internal.DefaultFileLockManager] Lock acquired on daemon addresses registry.
03:39:38.110 [DEBUG] [org.gradle.cache.internal.DefaultFileLockManager] Releasing lock on daemon addresses registry.
03:39:38.120 [DEBUG] [org.gradle.cache.internal.DefaultFileLockManager] Waiting to acquire shared lock on daemon addresses registry.
03:39:38.122 [DEBUG] [org.gradle.cache.internal.DefaultFileLockManager] Lock acquired on daemon addresses registry.
03:39:38.125 [DEBUG] [org.gradle.cache.internal.DefaultFileLockManager] Releasing lock on daemon addresses registry.
03:39:38.132 [DEBUG] [org.gradle.cache.internal.DefaultFileLockManager] Waiting to acquire shared lock on daemon addresses registry.
03:39:38.135 [DEBUG] [org.gradle.cache.internal.DefaultFileLockManager] Lock acquired on daemon addresses registry.
03:39:38.139 [DEBUG] [org.gradle.cache.internal.DefaultFileLockManager] Releasing lock on daemon addresses registry.
03:39:48.100 [DEBUG] [org.gradle.launcher.daemon.server.Daemon] DaemonExpirationPeriodicCheck running
03:39:48.107 [DEBUG] [org.gradle.cache.internal.DefaultFileLockManager] Waiting to acquire shared lock on daemon addresses registry.
03:39:48.110 [DEBUG] [org.gradle.cache.internal.DefaultFileLockManager] Lock acquired on daemon addresses registry.
03:39:48.114 [DEBUG] [org.gradle.cache.internal.DefaultFileLockManager] Releasing lock on daemon addresses registry.
03:39:48.131 [DEBUG] [org.gradle.cache.internal.DefaultFileLockManager] Waiting to acquire shared lock on daemon addresses registry.
03:39:48.133 [DEBUG] [org.gradle.cache.internal.DefaultFileLockManager] Lock acquired on daemon addresses registry.
03:39:48.139 [DEBUG] [org.gradle.cache.internal.DefaultFileLockManager] Releasing lock on daemon addresses registry.
03:39:48.146 [DEBUG] [org.gradle.cache.internal.DefaultFileLockManager] Waiting to acquire shared lock on daemon addresses registry.
03:39:48.149 [DEBUG] [org.gradle.cache.internal.DefaultFileLockManager] Lock acquired on daemon addresses registry.
03:39:48.154 [DEBUG] [org.gradle.cache.internal.DefaultFileLockManager] Releasing lock on daemon addresses registry.
03:39:53.872 [DEBUG] [org.gradle.internal.remote.internal.inet.TcpIncomingConnector] Accepted connection from /127.0.0.1:56154 to /127.0.0.1:46395.
03:39:54.155 [DEBUG] [org.gradle.launcher.daemon.server.SynchronizedDispatchConnection] thread 52: received class org.gradle.launcher.daemon.protocol.Build
03:39:54.156 [DEBUG] [org.gradle.launcher.daemon.server.DefaultDaemonConnection] thread 52: Received non-IO message from client: Build{id=d6b2c3aa-c8c2-442d-b456-51794b74d989.1, currentDir=/home/luke/HoneyComb/HoneycombLauncher}
03:39:54.157 [INFO] [org.gradle.launcher.daemon.server.DefaultIncomingConnectionHandler] Received command: Build{id=d6b2c3aa-c8c2-442d-b456-51794b74d989.1, currentDir=/home/luke/HoneyComb/HoneycombLauncher}.
03:39:54.159 [DEBUG] [org.gradle.launcher.daemon.server.DefaultIncomingConnectionHandler] Starting executing command: Build{id=d6b2c3aa-c8c2-442d-b456-51794b74d989.1, currentDir=/home/luke/HoneyComb/HoneycombLauncher} with connection: socket connection from /127.0.0.1:46395 to /127.0.0.1:56154.
03:39:54.165 [ERROR] [org.gradle.launcher.daemon.server.DaemonStateCoordinator] Command execution: started DaemonCommandExecution[command = Build{id=d6b2c3aa-c8c2-442d-b456-51794b74d989.1, currentDir=/home/luke/HoneyComb/HoneycombLauncher}, connection = DefaultDaemonConnection: socket connection from /127.0.0.1:46395 to /127.0.0.1:56154] after 1.0 minutes of idle
03:39:54.166 [INFO] [org.gradle.launcher.daemon.server.DaemonRegistryUpdater] Marking the daemon as busy, address: [35501cb5-eaa9-407f-a962-58a934bceebe port:46395, addresses:[/127.0.0.1]]
03:39:54.166 [DEBUG] [org.gradle.launcher.daemon.registry.PersistentDaemonRegistry] Marking busy by address: [35501cb5-eaa9-407f-a962-58a934bceebe port:46395, addresses:[/127.0.0.1]]
03:39:54.171 [DEBUG] [org.gradle.cache.internal.DefaultFileLockManager] Waiting to acquire exclusive lock on daemon addresses registry.
03:39:54.174 [DEBUG] [org.gradle.cache.internal.DefaultFileLockManager] Lock acquired on daemon addresses registry.
03:39:54.181 [DEBUG] [org.gradle.cache.internal.DefaultFileLockManager] Releasing lock on daemon addresses registry.
03:39:54.183 [DEBUG] [org.gradle.launcher.daemon.server.DaemonStateCoordinator] resetting idle timer
03:39:54.184 [DEBUG] [org.gradle.launcher.daemon.server.DaemonStateCoordinator] daemon is running. Sleeping until state changes.
03:39:54.186 [INFO] [org.gradle.launcher.daemon.server.exec.StartBuildOrRespondWithBusy] Daemon is about to start building Build{id=d6b2c3aa-c8c2-442d-b456-51794b74d989.1, currentDir=/home/luke/HoneyComb/HoneycombLauncher}. Dispatching build started information...
03:39:54.188 [DEBUG] [org.gradle.launcher.daemon.server.SynchronizedDispatchConnection] thread 54: dispatching class org.gradle.launcher.daemon.protocol.BuildStarted
03:39:54.207 [DEBUG] [org.gradle.launcher.daemon.server.exec.EstablishBuildEnvironment] Configuring env variables: {PATH=/usr/local/bin:/usr/bin:/bin:/usr/local/games:/usr/games:/data/data/com.termux/files/usr/bin, ANDROID_I18N_ROOT=/apex/com.android.i18n, ANDROID_DATA=/data, ANDROID_TZDATA_ROOT=/apex/com.android.tzdata, OLDPWD=/usr/share/gradle, TERM=xterm-256color, USER=luke, EXTERNAL_STORAGE=/storage/self/primary, PROOT_L2S_DIR=/data/data/com.termux/files/usr/var/lib/proot-distro/containers/debian/rootfs/.l2s, PULSE_SERVER=127.0.0.1, PS1=\[\033[01;32m\]\u\[\033[00m\]@\[\033[01;36m\]very-powerful-pc\[\033[00m\]:\[\033[01;34m\]\w\[\033[00m\]\$ , HOSTNAME=very-powerful-pc, MOZ_FAKE_NO_SANDBOX=1, COLORTERM=truecolor, DEX2OATBOOTCLASSPATH=/apex/com.android.art/javalib/core-oj.jar:/apex/com.android.art/javalib/core-libart.jar:/apex/com.android.art/javalib/okhttp.jar:/apex/com.android.art/javalib/bouncycastle.jar:/apex/com.android.art/javalib/apache-xml.jar:/system/framework/framework.jar:/system/framework/framework-graphics.jar:/system/framework/ext.jar:/system/framework/telephony-common.jar:/system/framework/voip-common.jar:/system/framework/ims-common.jar:/apex/com.android.i18n/javalib/core-icu4j.jar:/system/framework/itel_addition.jar:/system/framework/radio_interactor_common.jar:/system/framework/unisoc_ims_common.jar:/system/framework/transsion-telephony-common.jar:/system/framework/unisoc-framework.jar, ANDROID_ART_ROOT=/apex/com.android.art, ANDROID_ROOT=/system, LS_COLORS=rs=0:di=01;34:ln=01;36:mh=00:pi=40;33:so=01;35:do=01;35:bd=40;33;01:cd=40;33;01:or=40;31;01:mi=00:su=37;41:sg=30;43:ca=00:tw=30;42:ow=34;42:st=37;44:ex=01;32:*.7z=01;31:*.ace=01;31:*.alz=01;31:*.apk=01;31:*.arc=01;31:*.arj=01;31:*.bz=01;31:*.bz2=01;31:*.cab=01;31:*.cpio=01;31:*.crate=01;31:*.deb=01;31:*.drpm=01;31:*.dwm=01;31:*.dz=01;31:*.ear=01;31:*.egg=01;31:*.esd=01;31:*.gz=01;31:*.jar=01;31:*.lha=01;31:*.lrz=01;31:*.lz=01;31:*.lz4=01;31:*.lzh=01;31:*.lzma=01;31:*.lzo=01;31:*.pyz=01;31:*.rar=01;31:*.rpm=01;31:*.rz=01;31:*.sar=01;31:*.swm=01;31:*.t7z=01;31:*.tar=01;31:*.taz=01;31:*.tbz=01;31:*.tbz2=01;31:*.tgz=01;31:*.tlz=01;31:*.txz=01;31:*.tz=01;31:*.tzo=01;31:*.tzst=01;31:*.udeb=01;31:*.war=01;31:*.whl=01;31:*.wim=01;31:*.xz=01;31:*.z=01;31:*.zip=01;31:*.zoo=01;31:*.zst=01;31:*.avif=01;35:*.jpg=01;35:*.jpeg=01;35:*.jxl=01;35:*.mjpg=01;35:*.mjpeg=01;35:*.gif=01;35:*.bmp=01;35:*.pbm=01;35:*.pgm=01;35:*.ppm=01;35:*.tga=01;35:*.xbm=01;35:*.xpm=01;35:*.tif=01;35:*.tiff=01;35:*.png=01;35:*.svg=01;35:*.svgz=01;35:*.mng=01;35:*.pcx=01;35:*.mov=01;35:*.mpg=01;35:*.mpeg=01;35:*.m2v=01;35:*.mkv=01;35:*.webm=01;35:*.webp=01;35:*.ogm=01;35:*.mp4=01;35:*.m4v=01;35:*.mp4v=01;35:*.vob=01;35:*.qt=01;35:*.nuv=01;35:*.wmv=01;35:*.asf=01;35:*.rm=01;35:*.rmvb=01;35:*.flc=01;35:*.avi=01;35:*.fli=01;35:*.flv=01;35:*.gl=01;35:*.dl=01;35:*.xcf=01;35:*.xwd=01;35:*.yuv=01;35:*.cgm=01;35:*.emf=01;35:*.ogv=01;35:*.ogx=01;35:*.aac=00;36:*.au=00;36:*.flac=00;36:*.m4a=00;36:*.mid=00;36:*.midi=00;36:*.mka=00;36:*.mp3=00;36:*.mpc=00;36:*.ogg=00;36:*.ra=00;36:*.wav=00;36:*.oga=00;36:*.opus=00;36:*.spx=00;36:*.xspf=00;36:*~=00;90:*#=00;90:*.bak=00;90:*.crdownload=00;90:*.dpkg-dist=00;90:*.dpkg-new=00;90:*.dpkg-old=00;90:*.dpkg-tmp=00;90:*.old=00;90:*.orig=00;90:*.part=00;90:*.rej=00;90:*.rpmnew=00;90:*.rpmorig=00;90:*.rpmsave=00;90:*.swp=00;90:*.tmp=00;90:*.ucf-dist=00;90:*.ucf-new=00;90:*.ucf-old=00;90:, PWD=/home/luke/HoneyComb/HoneycombLauncher, BOOTCLASSPATH=/apex/com.android.art/javalib/core-oj.jar:/apex/com.android.art/javalib/core-libart.jar:/apex/com.android.art/javalib/okhttp.jar:/apex/com.android.art/javalib/bouncycastle.jar:/apex/com.android.art/javalib/apache-xml.jar:/system/framework/framework.jar:/system/framework/framework-graphics.jar:/system/framework/ext.jar:/system/framework/telephony-common.jar:/system/framework/voip-common.jar:/system/framework/ims-common.jar:/apex/com.android.i18n/javalib/core-icu4j.jar:/system/framework/itel_addition.jar:/system/framework/radio_interactor_common.jar:/system/framework/unisoc_ims_common.jar:/system/framework/transsion-telephony-common.jar:/system/framework/unisoc-framework.jar:/apex/com.android.appsearch/javalib/framework-appsearch.jar:/apex/com.android.conscrypt/javalib/conscrypt.jar:/apex/com.android.ipsec/javalib/android.net.ipsec.ike.jar:/apex/com.android.media/javalib/updatable-media.jar:/apex/com.android.mediaprovider/javalib/framework-mediaprovider.jar:/apex/com.android.mediaprovider/javalib/framework-pdf.jar:/apex/com.android.mediaprovider/javalib/framework-photopicker.jar:/apex/com.android.os.statsd/javalib/framework-statsd.jar:/apex/com.android.permission/javalib/framework-permission.jar:/apex/com.android.permission/javalib/framework-permission-s.jar:/apex/com.android.scheduling/javalib/framework-scheduling.jar:/apex/com.android.sdkext/javalib/framework-sdkextensions.jar:/apex/com.android.tethering/javalib/framework-connectivity.jar:/apex/com.android.tethering/javalib/framework-tethering.jar:/apex/com.android.wifi/javalib/framework-wifi.jar:/apex/com.transsion.mi.os.framework/javalib/os-framework.jar, SHLVL=1, HOME=/home/luke, _=/usr/bin/gradle}
03:39:54.208 [WARN] [org.gradle.launcher.daemon.server.exec.EstablishBuildEnvironment] Warning: Unable able to set daemon's environment variables to match the client because: 
  Java 9 does not support modifying environment variables.
  If the daemon was started with a significantly different environment from the client, and your build 
  relies on environment variables, you may experience unexpected behavior.
03:39:54.209 [DEBUG] [org.gradle.launcher.daemon.server.exec.LogToClient] About to start relaying all logs to the client via the connection.
03:39:54.210 [INFO] [org.gradle.launcher.daemon.server.exec.LogToClient] The client will now receive all logging from the daemon (pid: 18050). The daemon log file: /home/luke/.gradle/daemon/4.4.1/daemon-18050.out.log
03:39:54.222 [INFO] [org.gradle.launcher.daemon.server.exec.LogAndCheckHealth] Starting 2nd build in daemon [uptime: 3 mins 46.772 secs, performance: 100%]
03:39:54.240 [DEBUG] [org.gradle.launcher.daemon.server.exec.ExecuteBuild] The daemon has started executing the build.
03:39:54.241 [DEBUG] [org.gradle.launcher.daemon.server.exec.ExecuteBuild] Executing build with daemon context: DefaultDaemonContext[uid=99a0a9c8-eb91-47ee-b117-9666d844513b,javaHome=/usr/lib/jvm/java-21-openjdk-arm64,daemonRegistryDir=/home/luke/.gradle/daemon,pid=18050,idleTimeout=10800000,daemonOpts=-Xmx2048m,-Dfile.encoding=UTF-8,-Duser.country=US,-Duser.language=en,-Duser.variant]

FAILURE: Build failed with an exception.

* Where:
Build file '/home/luke/HoneyComb/HoneycombLauncher/app/build.gradle' line: 1

* What went wrong:
A problem occurred evaluating project ':app'.
> Failed to apply plugin [id 'com.android.internal.application']
   > Could not create plugin of type 'AppPlugin'.
      > org/gradle/api/component/SoftwareComponentFactory

* Try:
Run with --stacktrace option to get the stack trace. Run with --info or --debug option to get more log output. Run with --scan to get full insights.

* Get more help at https://help.gradle.org

BUILD FAILED in 5s
03:39:55.893 [DEBUG] [org.gradle.launcher.daemon.server.exec.ExecuteBuild] The daemon has finished executing the build.
03:39:55.900 [DEBUG] [org.gradle.launcher.daemon.server.DaemonStateCoordinator] daemon is running. Sleeping until state changes.
03:39:55.901 [DEBUG] [org.gradle.launcher.daemon.server.DaemonStateCoordinator] Command execution: finished waiting for DaemonCommandExecution[command = Build{id=d6b2c3aa-c8c2-442d-b456-51794b74d989.1, currentDir=/home/luke/HoneyComb/HoneycombLauncher}, connection = DefaultDaemonConnection: socket connection from /127.0.0.1:46395 to /127.0.0.1:56154]. Result org.gradle.launcher.daemon.server.DaemonStateCoordinator@78df228a with state Busy
03:39:55.901 [DEBUG] [org.gradle.launcher.daemon.server.DaemonStateCoordinator] Command execution: completed DaemonCommandExecution[command = Build{id=d6b2c3aa-c8c2-442d-b456-51794b74d989.1, currentDir=/home/luke/HoneyComb/HoneycombLauncher}, connection = DefaultDaemonConnection: socket connection from /127.0.0.1:46395 to /127.0.0.1:56154]
03:39:55.901 [DEBUG] [org.gradle.launcher.daemon.server.DaemonStateCoordinator] resetting idle timer
03:39:55.902 [INFO] [org.gradle.launcher.daemon.server.DaemonRegistryUpdater] Marking the daemon as idle, address: [35501cb5-eaa9-407f-a962-58a934bceebe port:46395, addresses:[/127.0.0.1]]
03:39:55.902 [DEBUG] [org.gradle.launcher.daemon.registry.PersistentDaemonRegistry] Marking busy by address: [35501cb5-eaa9-407f-a962-58a934bceebe port:46395, addresses:[/127.0.0.1]]
03:39:55.906 [DEBUG] [org.gradle.cache.internal.DefaultFileLockManager] Waiting to acquire exclusive lock on daemon addresses registry.
03:39:55.909 [DEBUG] [org.gradle.cache.internal.DefaultFileLockManager] Lock acquired on daemon addresses registry.
03:39:55.913 [DEBUG] [org.gradle.cache.internal.DefaultFileLockManager] Releasing lock on daemon addresses registry.
03:39:55.915 [DEBUG] [org.gradle.launcher.daemon.server.DaemonStateCoordinator] daemon is running. Sleeping until state changes.
03:39:55.915 [DEBUG] [org.gradle.launcher.daemon.server.exec.ReturnResult] Daemon is dispatching the build result: Failure[value=org.gradle.initialization.ReportedException: org.gradle.internal.exceptions.LocationAwareException: Build file '/home/luke/HoneyComb/HoneycombLauncher/app/build.gradle' line: 1
A problem occurred evaluating project ':app'.]
03:39:55.916 [DEBUG] [org.gradle.launcher.daemon.server.SynchronizedDispatchConnection] thread 51: dispatching class org.gradle.launcher.daemon.protocol.Failure
03:39:55.963 [DEBUG] [org.gradle.launcher.daemon.server.DefaultIncomingConnectionHandler] Finishing executing command: Build{id=d6b2c3aa-c8c2-442d-b456-51794b74d989.1, currentDir=/home/luke/HoneyComb/HoneycombLauncher}
03:39:56.177 [DEBUG] [org.gradle.launcher.daemon.server.SynchronizedDispatchConnection] thread 52: received class org.gradle.launcher.daemon.protocol.CloseInput
03:39:56.178 [DEBUG] [org.gradle.launcher.daemon.server.DefaultDaemonConnection] thread 52: Received IO message from client: org.gradle.launcher.daemon.protocol.CloseInput@3672e52f
03:39:56.186 [DEBUG] [org.gradle.launcher.daemon.server.SynchronizedDispatchConnection] thread 52: received class org.gradle.launcher.daemon.protocol.Finished
03:39:56.187 [DEBUG] [org.gradle.launcher.daemon.server.DefaultDaemonConnection] thread 52: Received non-IO message from client: org.gradle.launcher.daemon.protocol.Finished@38b50d91
03:39:56.188 [DEBUG] [org.gradle.launcher.daemon.server.DefaultIncomingConnectionHandler] Received finished message: org.gradle.launcher.daemon.protocol.Finished@38b50d91
03:39:56.189 [DEBUG] [org.gradle.launcher.daemon.server.SynchronizedDispatchConnection] thread 51: stopping connection
03:39:56.190 [DEBUG] [org.gradle.internal.remote.internal.inet.SocketConnection] Discarding EOFException: java.io.EOFException
03:39:56.191 [DEBUG] [org.gradle.launcher.daemon.server.SynchronizedDispatchConnection] thread 52: received null
03:39:56.192 [DEBUG] [org.gradle.launcher.daemon.server.DefaultDaemonConnection] thread 52: Received end-of-input from client.
03:39:56.193 [DEBUG] [org.gradle.launcher.daemon.server.SynchronizedDispatchConnection] thread 51: stopping connection
03:39:58.099 [DEBUG] [org.gradle.launcher.daemon.server.Daemon] DaemonExpirationPeriodicCheck running
03:39:58.101 [DEBUG] [org.gradle.cache.internal.DefaultFileLockManager] Waiting to acquire shared lock on daemon addresses registry.
03:39:58.101 [DEBUG] [org.gradle.cache.internal.DefaultFileLockManager] Lock acquired on daemon addresses registry.
03:39:58.103 [DEBUG] [org.gradle.cache.internal.DefaultFileLockManager] Releasing lock on daemon addresses registry.
03:39:58.106 [DEBUG] [org.gradle.cache.internal.DefaultFileLockManager] Waiting to acquire shared lock on daemon addresses registry.
03:39:58.107 [DEBUG] [org.gradle.cache.internal.DefaultFileLockManager] Lock acquired on daemon addresses registry.
03:39:58.108 [DEBUG] [org.gradle.cache.internal.DefaultFileLockManager] Releasing lock on daemon addresses registry.
03:40:08.099 [DEBUG] [org.gradle.launcher.daemon.server.Daemon] DaemonExpirationPeriodicCheck running
03:40:08.101 [DEBUG] [org.gradle.cache.internal.DefaultFileLockManager] Waiting to acquire shared lock on daemon addresses registry.
03:40:08.101 [DEBUG] [org.gradle.cache.internal.DefaultFileLockManager] Lock acquired on daemon addresses registry.
03:40:08.103 [DEBUG] [org.gradle.cache.internal.DefaultFileLockManager] Releasing lock on daemon addresses registry.
03:40:08.105 [DEBUG] [org.gradle.cache.internal.DefaultFileLockManager] Waiting to acquire shared lock on daemon addresses registry.
03:40:08.106 [DEBUG] [org.gradle.cache.internal.DefaultFileLockManager] Lock acquired on daemon addresses registry.
03:40:08.107 [DEBUG] [org.gradle.cache.internal.DefaultFileLockManager] Releasing lock on daemon addresses registry.
03:40:08.109 [DEBUG] [org.gradle.cache.internal.DefaultFileLockManager] Waiting to acquire shared lock on daemon addresses registry.
03:40:08.110 [DEBUG] [org.gradle.cache.internal.DefaultFileLockManager] Lock acquired on daemon addresses registry.
03:40:08.111 [DEBUG] [org.gradle.cache.internal.DefaultFileLockManager] Releasing lock on daemon addresses registry.
03:40:18.099 [DEBUG] [org.gradle.launcher.daemon.server.Daemon] DaemonExpirationPeriodicCheck running
03:40:18.108 [DEBUG] [org.gradle.cache.internal.DefaultFileLockManager] Waiting to acquire shared lock on daemon addresses registry.
03:40:18.109 [DEBUG] [org.gradle.cache.internal.DefaultFileLockManager] Lock acquired on daemon addresses registry.
03:40:18.113 [DEBUG] [org.gradle.cache.internal.DefaultFileLockManager] Releasing lock on daemon addresses registry.
03:40:18.130 [DEBUG] [org.gradle.cache.internal.DefaultFileLockManager] Waiting to acquire shared lock on daemon addresses registry.
03:40:18.134 [DEBUG] [org.gradle.cache.internal.DefaultFileLockManager] Lock acquired on daemon addresses registry.
03:40:18.138 [DEBUG] [org.gradle.cache.internal.DefaultFileLockManager] Releasing lock on daemon addresses registry.
03:40:18.147 [DEBUG] [org.gradle.cache.internal.DefaultFileLockManager] Waiting to acquire shared lock on daemon addresses registry.
03:40:18.149 [DEBUG] [org.gradle.cache.internal.DefaultFileLockManager] Lock acquired on daemon addresses registry.
03:40:18.153 [DEBUG] [org.gradle.cache.internal.DefaultFileLockManager] Releasing lock on daemon addresses registry.
03:40:28.100 [DEBUG] [org.gradle.launcher.daemon.server.Daemon] DaemonExpirationPeriodicCheck running
03:40:28.104 [DEBUG] [org.gradle.cache.internal.DefaultFileLockManager] Waiting to acquire shared lock on daemon addresses registry.
03:40:28.105 [DEBUG] [org.gradle.cache.internal.DefaultFileLockManager] Lock acquired on daemon addresses registry.
03:40:28.109 [DEBUG] [org.gradle.cache.internal.DefaultFileLockManager] Releasing lock on daemon addresses registry.
03:40:28.119 [DEBUG] [org.gradle.cache.internal.DefaultFileLockManager] Waiting to acquire shared lock on daemon addresses registry.
03:40:28.121 [DEBUG] [org.gradle.cache.internal.DefaultFileLockManager] Lock acquired on daemon addresses registry.
03:40:28.124 [DEBUG] [org.gradle.cache.internal.DefaultFileLockManager] Releasing lock on daemon addresses registry.
03:40:28.132 [DEBUG] [org.gradle.cache.internal.DefaultFileLockManager] Waiting to acquire shared lock on daemon addresses registry.
03:40:28.135 [DEBUG] [org.gradle.cache.internal.DefaultFileLockManager] Lock acquired on daemon addresses registry.
03:40:28.139 [DEBUG] [org.gradle.cache.internal.DefaultFileLockManager] Releasing lock on daemon addresses registry.
03:40:38.099 [DEBUG] [org.gradle.launcher.daemon.server.Daemon] DaemonExpirationPeriodicCheck running
03:40:38.106 [DEBUG] [org.gradle.cache.internal.DefaultFileLockManager] Waiting to acquire shared lock on daemon addresses registry.
03:40:38.109 [DEBUG] [org.gradle.cache.internal.DefaultFileLockManager] Lock acquired on daemon addresses registry.
03:40:38.113 [DEBUG] [org.gradle.cache.internal.DefaultFileLockManager] Releasing lock on daemon addresses registry.
03:40:38.123 [DEBUG] [org.gradle.cache.internal.DefaultFileLockManager] Waiting to acquire shared lock on daemon addresses registry.
03:40:38.124 [DEBUG] [org.gradle.cache.internal.DefaultFileLockManager] Lock acquired on daemon addresses registry.
03:40:38.127 [DEBUG] [org.gradle.cache.internal.DefaultFileLockManager] Releasing lock on daemon addresses registry.
03:40:38.143 [DEBUG] [org.gradle.cache.internal.DefaultFileLockManager] Waiting to acquire shared lock on daemon addresses registry.
03:40:38.145 [DEBUG] [org.gradle.cache.internal.DefaultFileLockManager] Lock acquired on daemon addresses registry.
03:40:38.147 [DEBUG] [org.gradle.cache.internal.DefaultFileLockManager] Releasing lock on daemon addresses registry.
03:40:48.099 [DEBUG] [org.gradle.launcher.daemon.server.Daemon] DaemonExpirationPeriodicCheck running
03:40:48.114 [DEBUG] [org.gradle.cache.internal.DefaultFileLockManager] Waiting to acquire shared lock on daemon addresses registry.
03:40:48.120 [DEBUG] [org.gradle.cache.internal.DefaultFileLockManager] Lock acquired on daemon addresses registry.
03:40:48.126 [DEBUG] [org.gradle.cache.internal.DefaultFileLockManager] Releasing lock on daemon addresses registry.
03:40:48.139 [DEBUG] [org.gradle.cache.internal.DefaultFileLockManager] Waiting to acquire shared lock on daemon addresses registry.
03:40:48.144 [DEBUG] [org.gradle.cache.internal.DefaultFileLockManager] Lock acquired on daemon addresses registry.
03:40:48.150 [DEBUG] [org.gradle.cache.internal.DefaultFileLockManager] Releasing lock on daemon addresses registry.
03:40:48.165 [DEBUG] [org.gradle.cache.internal.DefaultFileLockManager] Waiting to acquire shared lock on daemon addresses registry.
03:40:48.167 [DEBUG] [org.gradle.cache.internal.DefaultFileLockManager] Lock acquired on daemon addresses registry.
03:40:48.170 [DEBUG] [org.gradle.cache.internal.DefaultFileLockManager] Releasing lock on daemon addresses registry.
03:40:58.100 [DEBUG] [org.gradle.launcher.daemon.server.Daemon] DaemonExpirationPeriodicCheck running
03:40:58.110 [DEBUG] [org.gradle.cache.internal.DefaultFileLockManager] Waiting to acquire shared lock on daemon addresses registry.
03:40:58.113 [DEBUG] [org.gradle.cache.internal.DefaultFileLockManager] Lock acquired on daemon addresses registry.
03:40:58.116 [DEBUG] [org.gradle.cache.internal.DefaultFileLockManager] Releasing lock on daemon addresses registry.
03:40:58.123 [DEBUG] [org.gradle.cache.internal.DefaultFileLockManager] Waiting to acquire shared lock on daemon addresses registry.
03:40:58.125 [DEBUG] [org.gradle.cache.internal.DefaultFileLockManager] Lock acquired on daemon addresses registry.
03:40:58.127 [DEBUG] [org.gradle.cache.internal.DefaultFileLockManager] Releasing lock on daemon addresses registry.
03:40:58.133 [DEBUG] [org.gradle.cache.internal.DefaultFileLockManager] Waiting to acquire shared lock on daemon addresses registry.
03:40:58.135 [DEBUG] [org.gradle.cache.internal.DefaultFileLockManager] Lock acquired on daemon addresses registry.
03:40:58.138 [DEBUG] [org.gradle.cache.internal.DefaultFileLockManager] Releasing lock on daemon addresses registry.
03:41:08.099 [DEBUG] [org.gradle.launcher.daemon.server.Daemon] DaemonExpirationPeriodicCheck running
03:41:08.102 [DEBUG] [org.gradle.cache.internal.DefaultFileLockManager] Waiting to acquire shared lock on daemon addresses registry.
03:41:08.103 [DEBUG] [org.gradle.cache.internal.DefaultFileLockManager] Lock acquired on daemon addresses registry.
03:41:08.105 [DEBUG] [org.gradle.cache.internal.DefaultFileLockManager] Releasing lock on daemon addresses registry.
03:41:08.109 [DEBUG] [org.gradle.cache.internal.DefaultFileLockManager] Waiting to acquire shared lock on daemon addresses registry.
03:41:08.111 [DEBUG] [org.gradle.cache.internal.DefaultFileLockManager] Lock acquired on daemon addresses registry.
03:41:08.114 [DEBUG] [org.gradle.cache.internal.DefaultFileLockManager] Releasing lock on daemon addresses registry.
03:41:08.118 [DEBUG] [org.gradle.cache.internal.DefaultFileLockManager] Waiting to acquire shared lock on daemon addresses registry.
03:41:08.119 [DEBUG] [org.gradle.cache.internal.DefaultFileLockManager] Lock acquired on daemon addresses registry.
03:41:08.121 [DEBUG] [org.gradle.cache.internal.DefaultFileLockManager] Releasing lock on daemon addresses registry.
03:41:18.099 [DEBUG] [org.gradle.launcher.daemon.server.Daemon] DaemonExpirationPeriodicCheck running
03:41:18.106 [DEBUG] [org.gradle.cache.internal.DefaultFileLockManager] Waiting to acquire shared lock on daemon addresses registry.
03:41:18.108 [DEBUG] [org.gradle.cache.internal.DefaultFileLockManager] Lock acquired on daemon addresses registry.
03:41:18.112 [DEBUG] [org.gradle.cache.internal.DefaultFileLockManager] Releasing lock on daemon addresses registry.
03:41:18.121 [DEBUG] [org.gradle.cache.internal.DefaultFileLockManager] Waiting to acquire shared lock on daemon addresses registry.
03:41:18.122 [DEBUG] [org.gradle.cache.internal.DefaultFileLockManager] Lock acquired on daemon addresses registry.
03:41:18.125 [DEBUG] [org.gradle.cache.internal.DefaultFileLockManager] Releasing lock on daemon addresses registry.
03:41:18.131 [DEBUG] [org.gradle.cache.internal.DefaultFileLockManager] Waiting to acquire shared lock on daemon addresses registry.
03:41:18.136 [DEBUG] [org.gradle.cache.internal.DefaultFileLockManager] Lock acquired on daemon addresses registry.
03:41:18.138 [DEBUG] [org.gradle.cache.internal.DefaultFileLockManager] Releasing lock on daemon addresses registry.
03:41:28.100 [DEBUG] [org.gradle.launcher.daemon.server.Daemon] DaemonExpirationPeriodicCheck running
03:41:28.127 [DEBUG] [org.gradle.cache.internal.DefaultFileLockManager] Waiting to acquire shared lock on daemon addresses registry.
03:41:28.129 [DEBUG] [org.gradle.cache.internal.DefaultFileLockManager] Lock acquired on daemon addresses registry.
03:41:28.134 [DEBUG] [org.gradle.cache.internal.DefaultFileLockManager] Releasing lock on daemon addresses registry.
03:41:28.146 [DEBUG] [org.gradle.cache.internal.DefaultFileLockManager] Waiting to acquire shared lock on daemon addresses registry.
03:41:28.147 [DEBUG] [org.gradle.cache.internal.DefaultFileLockManager] Lock acquired on daemon addresses registry.
03:41:28.150 [DEBUG] [org.gradle.cache.internal.DefaultFileLockManager] Releasing lock on daemon addresses registry.
03:41:28.156 [DEBUG] [org.gradle.cache.internal.DefaultFileLockManager] Waiting to acquire shared lock on daemon addresses registry.
03:41:28.158 [DEBUG] [org.gradle.cache.internal.DefaultFileLockManager] Lock acquired on daemon addresses registry.
03:41:28.160 [DEBUG] [org.gradle.cache.internal.DefaultFileLockManager] Releasing lock on daemon addresses registry.
03:41:38.101 [DEBUG] [org.gradle.launcher.daemon.server.Daemon] DaemonExpirationPeriodicCheck running
03:41:38.104 [DEBUG] [org.gradle.cache.internal.DefaultFileLockManager] Waiting to acquire shared lock on daemon addresses registry.
03:41:38.105 [DEBUG] [org.gradle.cache.internal.DefaultFileLockManager] Lock acquired on daemon addresses registry.
03:41:38.108 [DEBUG] [org.gradle.cache.internal.DefaultFileLockManager] Releasing lock on daemon addresses registry.
03:41:38.121 [DEBUG] [org.gradle.cache.internal.DefaultFileLockManager] Waiting to acquire shared lock on daemon addresses registry.
03:41:38.123 [DEBUG] [org.gradle.cache.internal.DefaultFileLockManager] Lock acquired on daemon addresses registry.
03:41:38.131 [DEBUG] [org.gradle.cache.internal.DefaultFileLockManager] Releasing lock on daemon addresses registry.
03:41:38.143 [DEBUG] [org.gradle.cache.internal.DefaultFileLockManager] Waiting to acquire shared lock on daemon addresses registry.
03:41:38.144 [DEBUG] [org.gradle.cache.internal.DefaultFileLockManager] Lock acquired on daemon addresses registry.
03:41:38.147 [DEBUG] [org.gradle.cache.internal.DefaultFileLockManager] Releasing lock on daemon addresses registry.
03:41:48.100 [DEBUG] [org.gradle.launcher.daemon.server.Daemon] DaemonExpirationPeriodicCheck running
03:41:48.106 [DEBUG] [org.gradle.cache.internal.DefaultFileLockManager] Waiting to acquire shared lock on daemon addresses registry.
03:41:48.108 [DEBUG] [org.gradle.cache.internal.DefaultFileLockManager] Lock acquired on daemon addresses registry.
03:41:48.112 [DEBUG] [org.gradle.cache.internal.DefaultFileLockManager] Releasing lock on daemon addresses registry.
03:41:48.124 [DEBUG] [org.gradle.cache.internal.DefaultFileLockManager] Waiting to acquire shared lock on daemon addresses registry.
03:41:48.125 [DEBUG] [org.gradle.cache.internal.DefaultFileLockManager] Lock acquired on daemon addresses registry.
03:41:48.128 [DEBUG] [org.gradle.cache.internal.DefaultFileLockManager] Releasing lock on daemon addresses registry.
03:41:48.136 [DEBUG] [org.gradle.cache.internal.DefaultFileLockManager] Waiting to acquire shared lock on daemon addresses registry.
03:41:48.137 [DEBUG] [org.gradle.cache.internal.DefaultFileLockManager] Lock acquired on daemon addresses registry.
03:41:48.141 [DEBUG] [org.gradle.cache.internal.DefaultFileLockManager] Releasing lock on daemon addresses registry.
03:41:58.100 [DEBUG] [org.gradle.launcher.daemon.server.Daemon] DaemonExpirationPeriodicCheck running
03:41:58.110 [DEBUG] [org.gradle.cache.internal.DefaultFileLockManager] Waiting to acquire shared lock on daemon addresses registry.
03:41:58.112 [DEBUG] [org.gradle.cache.internal.DefaultFileLockManager] Lock acquired on daemon addresses registry.
03:41:58.117 [DEBUG] [org.gradle.cache.internal.DefaultFileLockManager] Releasing lock on daemon addresses registry.
03:41:58.128 [DEBUG] [org.gradle.cache.internal.DefaultFileLockManager] Waiting to acquire shared lock on daemon addresses registry.
03:41:58.130 [DEBUG] [org.gradle.cache.internal.DefaultFileLockManager] Lock acquired on daemon addresses registry.
03:41:58.133 [DEBUG] [org.gradle.cache.internal.DefaultFileLockManager] Releasing lock on daemon addresses registry.
03:41:58.144 [DEBUG] [org.gradle.cache.internal.DefaultFileLockManager] Waiting to acquire shared lock on daemon addresses registry.
03:41:58.145 [DEBUG] [org.gradle.cache.internal.DefaultFileLockManager] Lock acquired on daemon addresses registry.
03:41:58.148 [DEBUG] [org.gradle.cache.internal.DefaultFileLockManager] Releasing lock on daemon addresses registry.
03:42:08.100 [DEBUG] [org.gradle.launcher.daemon.server.Daemon] DaemonExpirationPeriodicCheck running
03:42:08.107 [DEBUG] [org.gradle.cache.internal.DefaultFileLockManager] Waiting to acquire shared lock on daemon addresses registry.
03:42:08.109 [DEBUG] [org.gradle.cache.internal.DefaultFileLockManager] Lock acquired on daemon addresses registry.
03:42:08.112 [DEBUG] [org.gradle.cache.internal.DefaultFileLockManager] Releasing lock on daemon addresses registry.
03:42:08.124 [DEBUG] [org.gradle.cache.internal.DefaultFileLockManager] Waiting to acquire shared lock on daemon addresses registry.
03:42:08.126 [DEBUG] [org.gradle.cache.internal.DefaultFileLockManager] Lock acquired on daemon addresses registry.
03:42:08.129 [DEBUG] [org.gradle.cache.internal.DefaultFileLockManager] Releasing lock on daemon addresses registry.
03:42:08.136 [DEBUG] [org.gradle.cache.internal.DefaultFileLockManager] Waiting to acquire shared lock on daemon addresses registry.
03:42:08.137 [DEBUG] [org.gradle.cache.internal.DefaultFileLockManager] Lock acquired on daemon addresses registry.
03:42:08.141 [DEBUG] [org.gradle.cache.internal.DefaultFileLockManager] Releasing lock on daemon addresses registry.
03:42:18.099 [DEBUG] [org.gradle.launcher.daemon.server.Daemon] DaemonExpirationPeriodicCheck running
03:42:18.107 [DEBUG] [org.gradle.cache.internal.DefaultFileLockManager] Waiting to acquire shared lock on daemon addresses registry.
03:42:18.109 [DEBUG] [org.gradle.cache.internal.DefaultFileLockManager] Lock acquired on daemon addresses registry.
03:42:18.114 [DEBUG] [org.gradle.cache.internal.DefaultFileLockManager] Releasing lock on daemon addresses registry.
03:42:18.124 [DEBUG] [org.gradle.cache.internal.DefaultFileLockManager] Waiting to acquire shared lock on daemon addresses registry.
03:42:18.126 [DEBUG] [org.gradle.cache.internal.DefaultFileLockManager] Lock acquired on daemon addresses registry.
03:42:18.130 [DEBUG] [org.gradle.cache.internal.DefaultFileLockManager] Releasing lock on daemon addresses registry.
03:42:18.138 [DEBUG] [org.gradle.cache.internal.DefaultFileLockManager] Waiting to acquire shared lock on daemon addresses registry.
03:42:18.139 [DEBUG] [org.gradle.cache.internal.DefaultFileLockManager] Lock acquired on daemon addresses registry.
03:42:18.143 [DEBUG] [org.gradle.cache.internal.DefaultFileLockManager] Releasing lock on daemon addresses registry.
03:42:28.099 [DEBUG] [org.gradle.launcher.daemon.server.Daemon] DaemonExpirationPeriodicCheck running
03:42:28.102 [DEBUG] [org.gradle.cache.internal.DefaultFileLockManager] Waiting to acquire shared lock on daemon addresses registry.
03:42:28.103 [DEBUG] [org.gradle.cache.internal.DefaultFileLockManager] Lock acquired on daemon addresses registry.
03:42:28.116 [DEBUG] [org.gradle.cache.internal.DefaultFileLockManager] Releasing lock on daemon addresses registry.
03:42:28.123 [DEBUG] [org.gradle.cache.internal.DefaultFileLockManager] Waiting to acquire shared lock on daemon addresses registry.
03:42:28.124 [DEBUG] [org.gradle.cache.internal.DefaultFileLockManager] Lock acquired on daemon addresses registry.
03:42:28.129 [DEBUG] [org.gradle.cache.internal.DefaultFileLockManager] Releasing lock on daemon addresses registry.
03:42:28.133 [DEBUG] [org.gradle.cache.internal.DefaultFileLockManager] Waiting to acquire shared lock on daemon addresses registry.
03:42:28.134 [DEBUG] [org.gradle.cache.internal.DefaultFileLockManager] Lock acquired on daemon addresses registry.
03:42:28.136 [DEBUG] [org.gradle.cache.internal.DefaultFileLockManager] Releasing lock on daemon addresses registry.
03:42:38.099 [DEBUG] [org.gradle.launcher.daemon.server.Daemon] DaemonExpirationPeriodicCheck running
03:42:38.101 [DEBUG] [org.gradle.cache.internal.DefaultFileLockManager] Waiting to acquire shared lock on daemon addresses registry.
03:42:38.102 [DEBUG] [org.gradle.cache.internal.DefaultFileLockManager] Lock acquired on daemon addresses registry.
03:42:38.103 [DEBUG] [org.gradle.cache.internal.DefaultFileLockManager] Releasing lock on daemon addresses registry.
03:42:38.106 [DEBUG] [org.gradle.cache.internal.DefaultFileLockManager] Waiting to acquire shared lock on daemon addresses registry.
03:42:38.106 [DEBUG] [org.gradle.cache.internal.DefaultFileLockManager] Lock acquired on daemon addresses registry.
03:42:38.130 [DEBUG] [org.gradle.cache.internal.DefaultFileLockManager] Releasing lock on daemon addresses registry.
03:42:38.133 [DEBUG] [org.gradle.cache.internal.DefaultFileLockManager] Waiting to acquire shared lock on daemon addresses registry.
03:42:38.134 [DEBUG] [org.gradle.cache.internal.DefaultFileLockManager] Lock acquired on daemon addresses registry.
03:42:38.135 [DEBUG] [org.gradle.cache.internal.DefaultFileLockManager] Releasing lock on daemon addresses registry.
03:42:48.099 [DEBUG] [org.gradle.launcher.daemon.server.Daemon] DaemonExpirationPeriodicCheck running
03:42:48.101 [DEBUG] [org.gradle.cache.internal.DefaultFileLockManager] Waiting to acquire shared lock on daemon addresses registry.
03:42:48.101 [DEBUG] [org.gradle.cache.internal.DefaultFileLockManager] Lock acquired on daemon addresses registry.
03:42:48.102 [DEBUG] [org.gradle.cache.internal.DefaultFileLockManager] Releasing lock on daemon addresses registry.
03:42:48.105 [DEBUG] [org.gradle.cache.internal.DefaultFileLockManager] Waiting to acquire shared lock on daemon addresses registry.
03:42:48.106 [DEBUG] [org.gradle.cache.internal.DefaultFileLockManager] Lock acquired on daemon addresses registry.
03:42:48.107 [DEBUG] [org.gradle.cache.internal.DefaultFileLockManager] Releasing lock on daemon addresses registry.
03:42:48.109 [DEBUG] [org.gradle.cache.internal.DefaultFileLockManager] Waiting to acquire shared lock on daemon addresses registry.
03:42:48.110 [DEBUG] [org.gradle.cache.internal.DefaultFileLockManager] Lock acquired on daemon addresses registry.
03:42:48.111 [DEBUG] [org.gradle.cache.internal.DefaultFileLockManager] Releasing lock on daemon addresses registry.
03:42:58.099 [DEBUG] [org.gradle.launcher.daemon.server.Daemon] DaemonExpirationPeriodicCheck running
03:42:58.102 [DEBUG] [org.gradle.cache.internal.DefaultFileLockManager] Waiting to acquire shared lock on daemon addresses registry.
03:42:58.104 [DEBUG] [org.gradle.cache.internal.DefaultFileLockManager] Lock acquired on daemon addresses registry.
03:42:58.105 [DEBUG] [org.gradle.cache.internal.DefaultFileLockManager] Releasing lock on daemon addresses registry.
03:42:58.108 [DEBUG] [org.gradle.cache.internal.DefaultFileLockManager] Waiting to acquire shared lock on daemon addresses registry.
03:42:58.108 [DEBUG] [org.gradle.cache.internal.DefaultFileLockManager] Lock acquired on daemon addresses registry.
03:42:58.109 [DEBUG] [org.gradle.cache.internal.DefaultFileLockManager] Releasing lock on daemon addresses registry.
03:42:58.112 [DEBUG] [org.gradle.cache.internal.DefaultFileLockManager] Waiting to acquire shared lock on daemon addresses registry.
03:42:58.112 [DEBUG] [org.gradle.cache.internal.DefaultFileLockManager] Lock acquired on daemon addresses registry.
03:42:58.113 [DEBUG] [org.gradle.cache.internal.DefaultFileLockManager] Releasing lock on daemon addresses registry.
03:43:08.099 [DEBUG] [org.gradle.launcher.daemon.server.Daemon] DaemonExpirationPeriodicCheck running
03:43:08.102 [DEBUG] [org.gradle.cache.internal.DefaultFileLockManager] Waiting to acquire shared lock on daemon addresses registry.
03:43:08.103 [DEBUG] [org.gradle.cache.internal.DefaultFileLockManager] Lock acquired on daemon addresses registry.
03:43:08.104 [DEBUG] [org.gradle.cache.internal.DefaultFileLockManager] Releasing lock on daemon addresses registry.
03:43:08.107 [DEBUG] [org.gradle.cache.internal.DefaultFileLockManager] Waiting to acquire shared lock on daemon addresses registry.
03:43:08.108 [DEBUG] [org.gradle.cache.internal.DefaultFileLockManager] Lock acquired on daemon addresses registry.
03:43:08.110 [DEBUG] [org.gradle.cache.internal.DefaultFileLockManager] Releasing lock on daemon addresses registry.
03:43:08.113 [DEBUG] [org.gradle.cache.internal.DefaultFileLockManager] Waiting to acquire shared lock on daemon addresses registry.
03:43:08.114 [DEBUG] [org.gradle.cache.internal.DefaultFileLockManager] Lock acquired on daemon addresses registry.
03:43:08.116 [DEBUG] [org.gradle.cache.internal.DefaultFileLockManager] Releasing lock on daemon addresses registry.
03:43:18.099 [DEBUG] [org.gradle.launcher.daemon.server.Daemon] DaemonExpirationPeriodicCheck running
03:43:18.101 [DEBUG] [org.gradle.cache.internal.DefaultFileLockManager] Waiting to acquire shared lock on daemon addresses registry.
03:43:18.102 [DEBUG] [org.gradle.cache.internal.DefaultFileLockManager] Lock acquired on daemon addresses registry.
03:43:18.103 [DEBUG] [org.gradle.cache.internal.DefaultFileLockManager] Releasing lock on daemon addresses registry.
03:43:18.106 [DEBUG] [org.gradle.cache.internal.DefaultFileLockManager] Waiting to acquire shared lock on daemon addresses registry.
03:43:18.107 [DEBUG] [org.gradle.cache.internal.DefaultFileLockManager] Lock acquired on daemon addresses registry.
03:43:18.108 [DEBUG] [org.gradle.cache.internal.DefaultFileLockManager] Releasing lock on daemon addresses registry.
03:43:18.110 [DEBUG] [org.gradle.cache.internal.DefaultFileLockManager] Waiting to acquire shared lock on daemon addresses registry.
03:43:18.111 [DEBUG] [org.gradle.cache.internal.DefaultFileLockManager] Lock acquired on daemon addresses registry.
03:43:18.112 [DEBUG] [org.gradle.cache.internal.DefaultFileLockManager] Releasing lock on daemon addresses registry.
03:43:28.099 [DEBUG] [org.gradle.launcher.daemon.server.Daemon] DaemonExpirationPeriodicCheck running
03:43:28.101 [DEBUG] [org.gradle.cache.internal.DefaultFileLockManager] Waiting to acquire shared lock on daemon addresses registry.
03:43:28.101 [DEBUG] [org.gradle.cache.internal.DefaultFileLockManager] Lock acquired on daemon addresses registry.
03:43:28.102 [DEBUG] [org.gradle.cache.internal.DefaultFileLockManager] Releasing lock on daemon addresses registry.
03:43:28.105 [DEBUG] [org.gradle.cache.internal.DefaultFileLockManager] Waiting to acquire shared lock on daemon addresses registry.
03:43:28.107 [DEBUG] [org.gradle.cache.internal.DefaultFileLockManager] Lock acquired on daemon addresses registry.
03:43:28.108 [DEBUG] [org.gradle.cache.internal.DefaultFileLockManager] Releasing lock on daemon addresses registry.
03:43:28.110 [DEBUG] [org.gradle.cache.internal.DefaultFileLockManager] Waiting to acquire shared lock on daemon addresses registry.
03:43:28.111 [DEBUG] [org.gradle.cache.internal.DefaultFileLockManager] Lock acquired on daemon addresses registry.
03:43:28.112 [DEBUG] [org.gradle.cache.internal.DefaultFileLockManager] Releasing lock on daemon addresses registry.
03:43:38.099 [DEBUG] [org.gradle.launcher.daemon.server.Daemon] DaemonExpirationPeriodicCheck running
03:43:38.102 [DEBUG] [org.gradle.cache.internal.DefaultFileLockManager] Waiting to acquire shared lock on daemon addresses registry.
03:43:38.122 [DEBUG] [org.gradle.cache.internal.DefaultFileLockManager] Lock acquired on daemon addresses registry.
03:43:38.124 [DEBUG] [org.gradle.cache.internal.DefaultFileLockManager] Releasing lock on daemon addresses registry.
03:43:38.132 [DEBUG] [org.gradle.cache.internal.DefaultFileLockManager] Waiting to acquire shared lock on daemon addresses registry.
03:43:38.134 [DEBUG] [org.gradle.cache.internal.DefaultFileLockManager] Lock acquired on daemon addresses registry.
03:43:38.136 [DEBUG] [org.gradle.cache.internal.DefaultFileLockManager] Releasing lock on daemon addresses registry.
03:43:38.139 [DEBUG] [org.gradle.cache.internal.DefaultFileLockManager] Waiting to acquire shared lock on daemon addresses registry.
03:43:38.140 [DEBUG] [org.gradle.cache.internal.DefaultFileLockManager] Lock acquired on daemon addresses registry.
03:43:38.141 [DEBUG] [org.gradle.cache.internal.DefaultFileLockManager] Releasing lock on daemon addresses registry.
03:43:48.099 [DEBUG] [org.gradle.launcher.daemon.server.Daemon] DaemonExpirationPeriodicCheck running
03:43:48.107 [DEBUG] [org.gradle.cache.internal.DefaultFileLockManager] Waiting to acquire shared lock on daemon addresses registry.
03:43:48.109 [DEBUG] [org.gradle.cache.internal.DefaultFileLockManager] Lock acquired on daemon addresses registry.
03:43:48.113 [DEBUG] [org.gradle.cache.internal.DefaultFileLockManager] Releasing lock on daemon addresses registry.
03:43:48.120 [DEBUG] [org.gradle.cache.internal.DefaultFileLockManager] Waiting to acquire shared lock on daemon addresses registry.
03:43:48.120 [DEBUG] [org.gradle.cache.internal.DefaultFileLockManager] Lock acquired on daemon addresses registry.
03:43:48.122 [DEBUG] [org.gradle.cache.internal.DefaultFileLockManager] Releasing lock on daemon addresses registry.
03:43:48.127 [DEBUG] [org.gradle.cache.internal.DefaultFileLockManager] Waiting to acquire shared lock on daemon addresses registry.
03:43:48.128 [DEBUG] [org.gradle.cache.internal.DefaultFileLockManager] Lock acquired on daemon addresses registry.
03:43:48.131 [DEBUG] [org.gradle.cache.internal.DefaultFileLockManager] Releasing lock on daemon addresses registry.
03:43:58.100 [DEBUG] [org.gradle.launcher.daemon.server.Daemon] DaemonExpirationPeriodicCheck running
03:43:58.107 [DEBUG] [org.gradle.cache.internal.DefaultFileLockManager] Waiting to acquire shared lock on daemon addresses registry.
03:43:58.110 [DEBUG] [org.gradle.cache.internal.DefaultFileLockManager] Lock acquired on daemon addresses registry.
03:43:58.112 [DEBUG] [org.gradle.cache.internal.DefaultFileLockManager] Releasing lock on daemon addresses registry.
03:43:58.123 [DEBUG] [org.gradle.cache.internal.DefaultFileLockManager] Waiting to acquire shared lock on daemon addresses registry.
03:43:58.124 [DEBUG] [org.gradle.cache.internal.DefaultFileLockManager] Lock acquired on daemon addresses registry.
03:43:58.127 [DEBUG] [org.gradle.cache.internal.DefaultFileLockManager] Releasing lock on daemon addresses registry.
03:43:58.136 [DEBUG] [org.gradle.cache.internal.DefaultFileLockManager] Waiting to acquire shared lock on daemon addresses registry.
03:43:58.138 [DEBUG] [org.gradle.cache.internal.DefaultFileLockManager] Lock acquired on daemon addresses registry.
03:43:58.141 [DEBUG] [org.gradle.cache.internal.DefaultFileLockManager] Releasing lock on daemon addresses registry.
03:44:05.447 [DEBUG] [org.gradle.internal.remote.internal.inet.TcpIncomingConnector] Accepted connection from /127.0.0.1:51684 to /127.0.0.1:46395.
03:44:05.728 [DEBUG] [org.gradle.launcher.daemon.server.SynchronizedDispatchConnection] thread 69: received class org.gradle.launcher.daemon.protocol.Build
03:44:05.729 [DEBUG] [org.gradle.launcher.daemon.server.DefaultDaemonConnection] thread 69: Received non-IO message from client: Build{id=db24d6d7-259f-464e-8047-08877c7df5e8.1, currentDir=/home/luke/HoneyComb/HoneycombLauncher}
03:44:05.731 [INFO] [org.gradle.launcher.daemon.server.DefaultIncomingConnectionHandler] Received command: Build{id=db24d6d7-259f-464e-8047-08877c7df5e8.1, currentDir=/home/luke/HoneyComb/HoneycombLauncher}.
03:44:05.732 [DEBUG] [org.gradle.launcher.daemon.server.DefaultIncomingConnectionHandler] Starting executing command: Build{id=db24d6d7-259f-464e-8047-08877c7df5e8.1, currentDir=/home/luke/HoneyComb/HoneycombLauncher} with connection: socket connection from /127.0.0.1:46395 to /127.0.0.1:51684.
03:44:05.740 [ERROR] [org.gradle.launcher.daemon.server.DaemonStateCoordinator] Command execution: started DaemonCommandExecution[command = Build{id=db24d6d7-259f-464e-8047-08877c7df5e8.1, currentDir=/home/luke/HoneyComb/HoneycombLauncher}, connection = DefaultDaemonConnection: socket connection from /127.0.0.1:46395 to /127.0.0.1:51684] after 4.0 minutes of idle
03:44:05.741 [INFO] [org.gradle.launcher.daemon.server.DaemonRegistryUpdater] Marking the daemon as busy, address: [35501cb5-eaa9-407f-a962-58a934bceebe port:46395, addresses:[/127.0.0.1]]
03:44:05.742 [DEBUG] [org.gradle.launcher.daemon.registry.PersistentDaemonRegistry] Marking busy by address: [35501cb5-eaa9-407f-a962-58a934bceebe port:46395, addresses:[/127.0.0.1]]
03:44:05.746 [DEBUG] [org.gradle.cache.internal.DefaultFileLockManager] Waiting to acquire exclusive lock on daemon addresses registry.
03:44:05.752 [DEBUG] [org.gradle.cache.internal.DefaultFileLockManager] Lock acquired on daemon addresses registry.
03:44:05.762 [DEBUG] [org.gradle.cache.internal.DefaultFileLockManager] Releasing lock on daemon addresses registry.
03:44:05.764 [DEBUG] [org.gradle.launcher.daemon.server.DaemonStateCoordinator] resetting idle timer
03:44:05.765 [DEBUG] [org.gradle.launcher.daemon.server.DaemonStateCoordinator] daemon is running. Sleeping until state changes.
03:44:05.771 [INFO] [org.gradle.launcher.daemon.server.exec.StartBuildOrRespondWithBusy] Daemon is about to start building Build{id=db24d6d7-259f-464e-8047-08877c7df5e8.1, currentDir=/home/luke/HoneyComb/HoneycombLauncher}. Dispatching build started information...
03:44:05.772 [DEBUG] [org.gradle.launcher.daemon.server.SynchronizedDispatchConnection] thread 71: dispatching class org.gradle.launcher.daemon.protocol.BuildStarted
03:44:05.782 [DEBUG] [org.gradle.launcher.daemon.server.exec.EstablishBuildEnvironment] Configuring env variables: {PATH=/usr/local/bin:/usr/bin:/bin:/usr/local/games:/usr/games:/data/data/com.termux/files/usr/bin, ANDROID_I18N_ROOT=/apex/com.android.i18n, ANDROID_DATA=/data, ANDROID_TZDATA_ROOT=/apex/com.android.tzdata, OLDPWD=/usr/share/gradle, TERM=xterm-256color, USER=luke, EXTERNAL_STORAGE=/storage/self/primary, PROOT_L2S_DIR=/data/data/com.termux/files/usr/var/lib/proot-distro/containers/debian/rootfs/.l2s, PULSE_SERVER=127.0.0.1, PS1=\[\033[01;32m\]\u\[\033[00m\]@\[\033[01;36m\]very-powerful-pc\[\033[00m\]:\[\033[01;34m\]\w\[\033[00m\]\$ , HOSTNAME=very-powerful-pc, MOZ_FAKE_NO_SANDBOX=1, COLORTERM=truecolor, DEX2OATBOOTCLASSPATH=/apex/com.android.art/javalib/core-oj.jar:/apex/com.android.art/javalib/core-libart.jar:/apex/com.android.art/javalib/okhttp.jar:/apex/com.android.art/javalib/bouncycastle.jar:/apex/com.android.art/javalib/apache-xml.jar:/system/framework/framework.jar:/system/framework/framework-graphics.jar:/system/framework/ext.jar:/system/framework/telephony-common.jar:/system/framework/voip-common.jar:/system/framework/ims-common.jar:/apex/com.android.i18n/javalib/core-icu4j.jar:/system/framework/itel_addition.jar:/system/framework/radio_interactor_common.jar:/system/framework/unisoc_ims_common.jar:/system/framework/transsion-telephony-common.jar:/system/framework/unisoc-framework.jar, ANDROID_ART_ROOT=/apex/com.android.art, ANDROID_ROOT=/system, LS_COLORS=rs=0:di=01;34:ln=01;36:mh=00:pi=40;33:so=01;35:do=01;35:bd=40;33;01:cd=40;33;01:or=40;31;01:mi=00:su=37;41:sg=30;43:ca=00:tw=30;42:ow=34;42:st=37;44:ex=01;32:*.7z=01;31:*.ace=01;31:*.alz=01;31:*.apk=01;31:*.arc=01;31:*.arj=01;31:*.bz=01;31:*.bz2=01;31:*.cab=01;31:*.cpio=01;31:*.crate=01;31:*.deb=01;31:*.drpm=01;31:*.dwm=01;31:*.dz=01;31:*.ear=01;31:*.egg=01;31:*.esd=01;31:*.gz=01;31:*.jar=01;31:*.lha=01;31:*.lrz=01;31:*.lz=01;31:*.lz4=01;31:*.lzh=01;31:*.lzma=01;31:*.lzo=01;31:*.pyz=01;31:*.rar=01;31:*.rpm=01;31:*.rz=01;31:*.sar=01;31:*.swm=01;31:*.t7z=01;31:*.tar=01;31:*.taz=01;31:*.tbz=01;31:*.tbz2=01;31:*.tgz=01;31:*.tlz=01;31:*.txz=01;31:*.tz=01;31:*.tzo=01;31:*.tzst=01;31:*.udeb=01;31:*.war=01;31:*.whl=01;31:*.wim=01;31:*.xz=01;31:*.z=01;31:*.zip=01;31:*.zoo=01;31:*.zst=01;31:*.avif=01;35:*.jpg=01;35:*.jpeg=01;35:*.jxl=01;35:*.mjpg=01;35:*.mjpeg=01;35:*.gif=01;35:*.bmp=01;35:*.pbm=01;35:*.pgm=01;35:*.ppm=01;35:*.tga=01;35:*.xbm=01;35:*.xpm=01;35:*.tif=01;35:*.tiff=01;35:*.png=01;35:*.svg=01;35:*.svgz=01;35:*.mng=01;35:*.pcx=01;35:*.mov=01;35:*.mpg=01;35:*.mpeg=01;35:*.m2v=01;35:*.mkv=01;35:*.webm=01;35:*.webp=01;35:*.ogm=01;35:*.mp4=01;35:*.m4v=01;35:*.mp4v=01;35:*.vob=01;35:*.qt=01;35:*.nuv=01;35:*.wmv=01;35:*.asf=01;35:*.rm=01;35:*.rmvb=01;35:*.flc=01;35:*.avi=01;35:*.fli=01;35:*.flv=01;35:*.gl=01;35:*.dl=01;35:*.xcf=01;35:*.xwd=01;35:*.yuv=01;35:*.cgm=01;35:*.emf=01;35:*.ogv=01;35:*.ogx=01;35:*.aac=00;36:*.au=00;36:*.flac=00;36:*.m4a=00;36:*.mid=00;36:*.midi=00;36:*.mka=00;36:*.mp3=00;36:*.mpc=00;36:*.ogg=00;36:*.ra=00;36:*.wav=00;36:*.oga=00;36:*.opus=00;36:*.spx=00;36:*.xspf=00;36:*~=00;90:*#=00;90:*.bak=00;90:*.crdownload=00;90:*.dpkg-dist=00;90:*.dpkg-new=00;90:*.dpkg-old=00;90:*.dpkg-tmp=00;90:*.old=00;90:*.orig=00;90:*.part=00;90:*.rej=00;90:*.rpmnew=00;90:*.rpmorig=00;90:*.rpmsave=00;90:*.swp=00;90:*.tmp=00;90:*.ucf-dist=00;90:*.ucf-new=00;90:*.ucf-old=00;90:, PWD=/home/luke/HoneyComb/HoneycombLauncher, BOOTCLASSPATH=/apex/com.android.art/javalib/core-oj.jar:/apex/com.android.art/javalib/core-libart.jar:/apex/com.android.art/javalib/okhttp.jar:/apex/com.android.art/javalib/bouncycastle.jar:/apex/com.android.art/javalib/apache-xml.jar:/system/framework/framework.jar:/system/framework/framework-graphics.jar:/system/framework/ext.jar:/system/framework/telephony-common.jar:/system/framework/voip-common.jar:/system/framework/ims-common.jar:/apex/com.android.i18n/javalib/core-icu4j.jar:/system/framework/itel_addition.jar:/system/framework/radio_interactor_common.jar:/system/framework/unisoc_ims_common.jar:/system/framework/transsion-telephony-common.jar:/system/framework/unisoc-framework.jar:/apex/com.android.appsearch/javalib/framework-appsearch.jar:/apex/com.android.conscrypt/javalib/conscrypt.jar:/apex/com.android.ipsec/javalib/android.net.ipsec.ike.jar:/apex/com.android.media/javalib/updatable-media.jar:/apex/com.android.mediaprovider/javalib/framework-mediaprovider.jar:/apex/com.android.mediaprovider/javalib/framework-pdf.jar:/apex/com.android.mediaprovider/javalib/framework-photopicker.jar:/apex/com.android.os.statsd/javalib/framework-statsd.jar:/apex/com.android.permission/javalib/framework-permission.jar:/apex/com.android.permission/javalib/framework-permission-s.jar:/apex/com.android.scheduling/javalib/framework-scheduling.jar:/apex/com.android.sdkext/javalib/framework-sdkextensions.jar:/apex/com.android.tethering/javalib/framework-connectivity.jar:/apex/com.android.tethering/javalib/framework-tethering.jar:/apex/com.android.wifi/javalib/framework-wifi.jar:/apex/com.transsion.mi.os.framework/javalib/os-framework.jar, SHLVL=1, HOME=/home/luke, _=/usr/bin/gradle}
03:44:05.783 [WARN] [org.gradle.launcher.daemon.server.exec.EstablishBuildEnvironment] Warning: Unable able to set daemon's environment variables to match the client because: 
  Java 9 does not support modifying environment variables.
  If the daemon was started with a significantly different environment from the client, and your build 
  relies on environment variables, you may experience unexpected behavior.
03:44:05.785 [DEBUG] [org.gradle.launcher.daemon.server.exec.LogToClient] About to start relaying all logs to the client via the connection.
03:44:05.786 [INFO] [org.gradle.launcher.daemon.server.exec.LogToClient] The client will now receive all logging from the daemon (pid: 18050). The daemon log file: /home/luke/.gradle/daemon/4.4.1/daemon-18050.out.log
03:44:05.795 [INFO] [org.gradle.launcher.daemon.server.exec.LogAndCheckHealth] Starting 3rd build in daemon [uptime: 7 mins 58.346 secs, performance: 100%]
03:44:05.799 [DEBUG] [org.gradle.launcher.daemon.server.exec.ExecuteBuild] The daemon has started executing the build.
03:44:05.800 [DEBUG] [org.gradle.launcher.daemon.server.exec.ExecuteBuild] Executing build with daemon context: DefaultDaemonContext[uid=99a0a9c8-eb91-47ee-b117-9666d844513b,javaHome=/usr/lib/jvm/java-21-openjdk-arm64,daemonRegistryDir=/home/luke/.gradle/daemon,pid=18050,idleTimeout=10800000,daemonOpts=-Xmx2048m,-Dfile.encoding=UTF-8,-Duser.country=US,-Duser.language=en,-Duser.variant]

FAILURE: Build failed with an exception.

* Where:
Build file '/home/luke/HoneyComb/HoneycombLauncher/app/build.gradle' line: 1

* What went wrong:
A problem occurred evaluating project ':app'.
> Failed to apply plugin [id 'com.android.internal.application']
   > Could not create plugin of type 'AppPlugin'.
      > org/gradle/api/component/SoftwareComponentFactory

* Try:
Run with --stacktrace option to get the stack trace. Run with --info or --debug option to get more log output. Run with --scan to get full insights.

* Get more help at https://help.gradle.org

BUILD FAILED in 5s
03:44:07.767 [DEBUG] [org.gradle.launcher.daemon.server.exec.ExecuteBuild] The daemon has finished executing the build.
03:44:07.779 [DEBUG] [org.gradle.launcher.daemon.server.DaemonStateCoordinator] daemon is running. Sleeping until state changes.
03:44:07.780 [DEBUG] [org.gradle.launcher.daemon.server.DaemonStateCoordinator] Command execution: finished waiting for DaemonCommandExecution[command = Build{id=db24d6d7-259f-464e-8047-08877c7df5e8.1, currentDir=/home/luke/HoneyComb/HoneycombLauncher}, connection = DefaultDaemonConnection: socket connection from /127.0.0.1:46395 to /127.0.0.1:51684]. Result org.gradle.launcher.daemon.server.DaemonStateCoordinator@78df228a with state Busy
03:44:07.781 [DEBUG] [org.gradle.launcher.daemon.server.DaemonStateCoordinator] Command execution: completed DaemonCommandExecution[command = Build{id=db24d6d7-259f-464e-8047-08877c7df5e8.1, currentDir=/home/luke/HoneyComb/HoneycombLauncher}, connection = DefaultDaemonConnection: socket connection from /127.0.0.1:46395 to /127.0.0.1:51684]
03:44:07.781 [DEBUG] [org.gradle.launcher.daemon.server.DaemonStateCoordinator] resetting idle timer
03:44:07.781 [INFO] [org.gradle.launcher.daemon.server.DaemonRegistryUpdater] Marking the daemon as idle, address: [35501cb5-eaa9-407f-a962-58a934bceebe port:46395, addresses:[/127.0.0.1]]
03:44:07.781 [DEBUG] [org.gradle.launcher.daemon.registry.PersistentDaemonRegistry] Marking busy by address: [35501cb5-eaa9-407f-a962-58a934bceebe port:46395, addresses:[/127.0.0.1]]
03:44:07.785 [DEBUG] [org.gradle.cache.internal.DefaultFileLockManager] Waiting to acquire exclusive lock on daemon addresses registry.
03:44:07.788 [DEBUG] [org.gradle.cache.internal.DefaultFileLockManager] Lock acquired on daemon addresses registry.
03:44:07.794 [DEBUG] [org.gradle.cache.internal.DefaultFileLockManager] Releasing lock on daemon addresses registry.
03:44:07.796 [DEBUG] [org.gradle.launcher.daemon.server.DaemonStateCoordinator] daemon is running. Sleeping until state changes.
03:44:07.797 [DEBUG] [org.gradle.launcher.daemon.server.exec.ReturnResult] Daemon is dispatching the build result: Failure[value=org.gradle.initialization.ReportedException: org.gradle.internal.exceptions.LocationAwareException: Build file '/home/luke/HoneyComb/HoneycombLauncher/app/build.gradle' line: 1
A problem occurred evaluating project ':app'.]
03:44:07.797 [DEBUG] [org.gradle.launcher.daemon.server.SynchronizedDispatchConnection] thread 68: dispatching class org.gradle.launcher.daemon.protocol.Failure
03:44:07.817 [DEBUG] [org.gradle.launcher.daemon.server.DefaultIncomingConnectionHandler] Finishing executing command: Build{id=db24d6d7-259f-464e-8047-08877c7df5e8.1, currentDir=/home/luke/HoneyComb/HoneycombLauncher}
03:44:08.004 [DEBUG] [org.gradle.launcher.daemon.server.SynchronizedDispatchConnection] thread 69: received class org.gradle.launcher.daemon.protocol.ForwardInput
03:44:08.005 [DEBUG] [org.gradle.launcher.daemon.server.DefaultDaemonConnection] thread 69: Received IO message from client: org.gradle.launcher.daemon.protocol.ForwardInput@3d3decde
03:44:08.006 [DEBUG] [org.gradle.launcher.daemon.server.SynchronizedDispatchConnection] thread 69: received class org.gradle.launcher.daemon.protocol.CloseInput
03:44:08.006 [DEBUG] [org.gradle.launcher.daemon.server.DefaultDaemonConnection] thread 69: Received IO message from client: org.gradle.launcher.daemon.protocol.CloseInput@33fa0509
03:44:08.012 [DEBUG] [org.gradle.launcher.daemon.server.SynchronizedDispatchConnection] thread 69: received class org.gradle.launcher.daemon.protocol.Finished
03:44:08.012 [DEBUG] [org.gradle.launcher.daemon.server.DefaultDaemonConnection] thread 69: Received non-IO message from client: org.gradle.launcher.daemon.protocol.Finished@37c587ae
03:44:08.014 [DEBUG] [org.gradle.launcher.daemon.server.DefaultIncomingConnectionHandler] Received finished message: org.gradle.launcher.daemon.protocol.Finished@37c587ae
03:44:08.015 [DEBUG] [org.gradle.launcher.daemon.server.SynchronizedDispatchConnection] thread 68: stopping connection
03:44:08.017 [DEBUG] [org.gradle.internal.remote.internal.inet.SocketConnection] Discarding EOFException: java.io.EOFException
03:44:08.018 [DEBUG] [org.gradle.launcher.daemon.server.SynchronizedDispatchConnection] thread 69: received null
03:44:08.018 [DEBUG] [org.gradle.launcher.daemon.server.DefaultDaemonConnection] thread 69: Received end-of-input from client.
03:44:08.020 [DEBUG] [org.gradle.launcher.daemon.server.SynchronizedDispatchConnection] thread 68: stopping connection
03:44:08.100 [DEBUG] [org.gradle.launcher.daemon.server.Daemon] DaemonExpirationPeriodicCheck running
03:44:08.107 [DEBUG] [org.gradle.cache.internal.DefaultFileLockManager] Waiting to acquire shared lock on daemon addresses registry.
03:44:08.109 [DEBUG] [org.gradle.cache.internal.DefaultFileLockManager] Lock acquired on daemon addresses registry.
03:44:08.112 [DEBUG] [org.gradle.cache.internal.DefaultFileLockManager] Releasing lock on daemon addresses registry.
03:44:08.124 [DEBUG] [org.gradle.cache.internal.DefaultFileLockManager] Waiting to acquire shared lock on daemon addresses registry.
03:44:08.126 [DEBUG] [org.gradle.cache.internal.DefaultFileLockManager] Lock acquired on daemon addresses registry.
03:44:08.129 [DEBUG] [org.gradle.cache.internal.DefaultFileLockManager] Releasing lock on daemon addresses registry.
03:44:18.099 [DEBUG] [org.gradle.launcher.daemon.server.Daemon] DaemonExpirationPeriodicCheck running
03:44:18.107 [DEBUG] [org.gradle.cache.internal.DefaultFileLockManager] Waiting to acquire shared lock on daemon addresses registry.
03:44:18.108 [DEBUG] [org.gradle.cache.internal.DefaultFileLockManager] Lock acquired on daemon addresses registry.
03:44:18.111 [DEBUG] [org.gradle.cache.internal.DefaultFileLockManager] Releasing lock on daemon addresses registry.
03:44:18.121 [DEBUG] [org.gradle.cache.internal.DefaultFileLockManager] Waiting to acquire shared lock on daemon addresses registry.
03:44:18.122 [DEBUG] [org.gradle.cache.internal.DefaultFileLockManager] Lock acquired on daemon addresses registry.
03:44:18.126 [DEBUG] [org.gradle.cache.internal.DefaultFileLockManager] Releasing lock on daemon addresses registry.
03:44:18.131 [DEBUG] [org.gradle.cache.internal.DefaultFileLockManager] Waiting to acquire shared lock on daemon addresses registry.
03:44:18.132 [DEBUG] [org.gradle.cache.internal.DefaultFileLockManager] Lock acquired on daemon addresses registry.
03:44:18.134 [DEBUG] [org.gradle.cache.internal.DefaultFileLockManager] Releasing lock on daemon addresses registry.
03:44:28.099 [DEBUG] [org.gradle.launcher.daemon.server.Daemon] DaemonExpirationPeriodicCheck running
03:44:28.101 [DEBUG] [org.gradle.cache.internal.DefaultFileLockManager] Waiting to acquire shared lock on daemon addresses registry.
03:44:28.102 [DEBUG] [org.gradle.cache.internal.DefaultFileLockManager] Lock acquired on daemon addresses registry.
03:44:28.103 [DEBUG] [org.gradle.cache.internal.DefaultFileLockManager] Releasing lock on daemon addresses registry.
03:44:28.108 [DEBUG] [org.gradle.cache.internal.DefaultFileLockManager] Waiting to acquire shared lock on daemon addresses registry.
03:44:28.109 [DEBUG] [org.gradle.cache.internal.DefaultFileLockManager] Lock acquired on daemon addresses registry.
03:44:28.115 [DEBUG] [org.gradle.cache.internal.DefaultFileLockManager] Releasing lock on daemon addresses registry.
03:44:28.118 [DEBUG] [org.gradle.cache.internal.DefaultFileLockManager] Waiting to acquire shared lock on daemon addresses registry.
03:44:28.118 [DEBUG] [org.gradle.cache.internal.DefaultFileLockManager] Lock acquired on daemon addresses registry.
03:44:28.119 [DEBUG] [org.gradle.cache.internal.DefaultFileLockManager] Releasing lock on daemon addresses registry.
03:44:38.100 [DEBUG] [org.gradle.launcher.daemon.server.Daemon] DaemonExpirationPeriodicCheck running
03:44:38.125 [DEBUG] [org.gradle.cache.internal.DefaultFileLockManager] Waiting to acquire shared lock on daemon addresses registry.
03:44:38.126 [DEBUG] [org.gradle.cache.internal.DefaultFileLockManager] Lock acquired on daemon addresses registry.
03:44:38.130 [DEBUG] [org.gradle.cache.internal.DefaultFileLockManager] Releasing lock on daemon addresses registry.
03:44:38.141 [DEBUG] [org.gradle.cache.internal.DefaultFileLockManager] Waiting to acquire shared lock on daemon addresses registry.
03:44:38.142 [DEBUG] [org.gradle.cache.internal.DefaultFileLockManager] Lock acquired on daemon addresses registry.
03:44:38.145 [DEBUG] [org.gradle.cache.internal.DefaultFileLockManager] Releasing lock on daemon addresses registry.
03:44:38.153 [DEBUG] [org.gradle.cache.internal.DefaultFileLockManager] Waiting to acquire shared lock on daemon addresses registry.
03:44:38.154 [DEBUG] [org.gradle.cache.internal.DefaultFileLockManager] Lock acquired on daemon addresses registry.
03:44:38.156 [DEBUG] [org.gradle.cache.internal.DefaultFileLockManager] Releasing lock on daemon addresses registry.
03:44:48.100 [DEBUG] [org.gradle.launcher.daemon.server.Daemon] DaemonExpirationPeriodicCheck running
03:44:48.107 [DEBUG] [org.gradle.cache.internal.DefaultFileLockManager] Waiting to acquire shared lock on daemon addresses registry.
03:44:48.109 [DEBUG] [org.gradle.cache.internal.DefaultFileLockManager] Lock acquired on daemon addresses registry.
03:44:48.113 [DEBUG] [org.gradle.cache.internal.DefaultFileLockManager] Releasing lock on daemon addresses registry.
03:44:48.123 [DEBUG] [org.gradle.cache.internal.DefaultFileLockManager] Waiting to acquire shared lock on daemon addresses registry.
03:44:48.125 [DEBUG] [org.gradle.cache.internal.DefaultFileLockManager] Lock acquired on daemon addresses registry.
03:44:48.127 [DEBUG] [org.gradle.cache.internal.DefaultFileLockManager] Releasing lock on daemon addresses registry.
03:44:48.136 [DEBUG] [org.gradle.cache.internal.DefaultFileLockManager] Waiting to acquire shared lock on daemon addresses registry.
03:44:48.139 [DEBUG] [org.gradle.cache.internal.DefaultFileLockManager] Lock acquired on daemon addresses registry.
03:44:48.141 [DEBUG] [org.gradle.cache.internal.DefaultFileLockManager] Releasing lock on daemon addresses registry.
03:44:58.099 [DEBUG] [org.gradle.launcher.daemon.server.Daemon] DaemonExpirationPeriodicCheck running
03:44:58.110 [DEBUG] [org.gradle.cache.internal.DefaultFileLockManager] Waiting to acquire shared lock on daemon addresses registry.
03:44:58.112 [DEBUG] [org.gradle.cache.internal.DefaultFileLockManager] Lock acquired on daemon addresses registry.
03:44:58.114 [DEBUG] [org.gradle.cache.internal.DefaultFileLockManager] Releasing lock on daemon addresses registry.
03:44:58.118 [DEBUG] [org.gradle.cache.internal.DefaultFileLockManager] Waiting to acquire shared lock on daemon addresses registry.
03:44:58.119 [DEBUG] [org.gradle.cache.internal.DefaultFileLockManager] Lock acquired on daemon addresses registry.
03:44:58.120 [DEBUG] [org.gradle.cache.internal.DefaultFileLockManager] Releasing lock on daemon addresses registry.
03:44:58.124 [DEBUG] [org.gradle.cache.internal.DefaultFileLockManager] Waiting to acquire shared lock on daemon addresses registry.
03:44:58.125 [DEBUG] [org.gradle.cache.internal.DefaultFileLockManager] Lock acquired on daemon addresses registry.
03:44:58.128 [DEBUG] [org.gradle.cache.internal.DefaultFileLockManager] Releasing lock on daemon addresses registry.
03:45:08.099 [DEBUG] [org.gradle.launcher.daemon.server.Daemon] DaemonExpirationPeriodicCheck running
03:45:08.101 [DEBUG] [org.gradle.cache.internal.DefaultFileLockManager] Waiting to acquire shared lock on daemon addresses registry.
03:45:08.103 [DEBUG] [org.gradle.cache.internal.DefaultFileLockManager] Lock acquired on daemon addresses registry.
03:45:08.104 [DEBUG] [org.gradle.cache.internal.DefaultFileLockManager] Releasing lock on daemon addresses registry.
03:45:08.111 [DEBUG] [org.gradle.cache.internal.DefaultFileLockManager] Waiting to acquire shared lock on daemon addresses registry.
03:45:08.112 [DEBUG] [org.gradle.cache.internal.DefaultFileLockManager] Lock acquired on daemon addresses registry.
03:45:08.116 [DEBUG] [org.gradle.cache.internal.DefaultFileLockManager] Releasing lock on daemon addresses registry.
03:45:08.121 [DEBUG] [org.gradle.cache.internal.DefaultFileLockManager] Waiting to acquire shared lock on daemon addresses registry.
03:45:08.122 [DEBUG] [org.gradle.cache.internal.DefaultFileLockManager] Lock acquired on daemon addresses registry.
03:45:08.125 [DEBUG] [org.gradle.cache.internal.DefaultFileLockManager] Releasing lock on daemon addresses registry.
03:45:18.100 [DEBUG] [org.gradle.launcher.daemon.server.Daemon] DaemonExpirationPeriodicCheck running
03:45:18.110 [DEBUG] [org.gradle.cache.internal.DefaultFileLockManager] Waiting to acquire shared lock on daemon addresses registry.
03:45:18.113 [DEBUG] [org.gradle.cache.internal.DefaultFileLockManager] Lock acquired on daemon addresses registry.
03:45:18.117 [DEBUG] [org.gradle.cache.internal.DefaultFileLockManager] Releasing lock on daemon addresses registry.
03:45:18.129 [DEBUG] [org.gradle.cache.internal.DefaultFileLockManager] Waiting to acquire shared lock on daemon addresses registry.
03:45:18.138 [DEBUG] [org.gradle.cache.internal.DefaultFileLockManager] Lock acquired on daemon addresses registry.
03:45:18.141 [DEBUG] [org.gradle.cache.internal.DefaultFileLockManager] Releasing lock on daemon addresses registry.
03:45:18.149 [DEBUG] [org.gradle.cache.internal.DefaultFileLockManager] Waiting to acquire shared lock on daemon addresses registry.
03:45:18.152 [DEBUG] [org.gradle.cache.internal.DefaultFileLockManager] Lock acquired on daemon addresses registry.
03:45:18.155 [DEBUG] [org.gradle.cache.internal.DefaultFileLockManager] Releasing lock on daemon addresses registry.
03:45:28.099 [DEBUG] [org.gradle.launcher.daemon.server.Daemon] DaemonExpirationPeriodicCheck running
03:45:28.101 [DEBUG] [org.gradle.cache.internal.DefaultFileLockManager] Waiting to acquire shared lock on daemon addresses registry.
03:45:28.101 [DEBUG] [org.gradle.cache.internal.DefaultFileLockManager] Lock acquired on daemon addresses registry.
03:45:28.102 [DEBUG] [org.gradle.cache.internal.DefaultFileLockManager] Releasing lock on daemon addresses registry.
03:45:28.106 [DEBUG] [org.gradle.cache.internal.DefaultFileLockManager] Waiting to acquire shared lock on daemon addresses registry.
03:45:28.107 [DEBUG] [org.gradle.cache.internal.DefaultFileLockManager] Lock acquired on daemon addresses registry.
03:45:28.108 [DEBUG] [org.gradle.cache.internal.DefaultFileLockManager] Releasing lock on daemon addresses registry.
03:45:28.114 [DEBUG] [org.gradle.cache.internal.DefaultFileLockManager] Waiting to acquire shared lock on daemon addresses registry.
03:45:28.115 [DEBUG] [org.gradle.cache.internal.DefaultFileLockManager] Lock acquired on daemon addresses registry.
03:45:28.116 [DEBUG] [org.gradle.cache.internal.DefaultFileLockManager] Releasing lock on daemon addresses registry.
03:45:38.100 [DEBUG] [org.gradle.launcher.daemon.server.Daemon] DaemonExpirationPeriodicCheck running
03:45:38.106 [DEBUG] [org.gradle.cache.internal.DefaultFileLockManager] Waiting to acquire shared lock on daemon addresses registry.
03:45:38.107 [DEBUG] [org.gradle.cache.internal.DefaultFileLockManager] Lock acquired on daemon addresses registry.
03:45:38.111 [DEBUG] [org.gradle.cache.internal.DefaultFileLockManager] Releasing lock on daemon addresses registry.
03:45:38.122 [DEBUG] [org.gradle.cache.internal.DefaultFileLockManager] Waiting to acquire shared lock on daemon addresses registry.
03:45:38.124 [DEBUG] [org.gradle.cache.internal.DefaultFileLockManager] Lock acquired on daemon addresses registry.
03:45:38.127 [DEBUG] [org.gradle.cache.internal.DefaultFileLockManager] Releasing lock on daemon addresses registry.
03:45:38.136 [DEBUG] [org.gradle.cache.internal.DefaultFileLockManager] Waiting to acquire shared lock on daemon addresses registry.
03:45:38.138 [DEBUG] [org.gradle.cache.internal.DefaultFileLockManager] Lock acquired on daemon addresses registry.
03:45:38.140 [DEBUG] [org.gradle.cache.internal.DefaultFileLockManager] Releasing lock on daemon addresses registry.
03:45:48.100 [DEBUG] [org.gradle.launcher.daemon.server.Daemon] DaemonExpirationPeriodicCheck running
03:45:48.106 [DEBUG] [org.gradle.cache.internal.DefaultFileLockManager] Waiting to acquire shared lock on daemon addresses registry.
03:45:48.108 [DEBUG] [org.gradle.cache.internal.DefaultFileLockManager] Lock acquired on daemon addresses registry.
03:45:48.111 [DEBUG] [org.gradle.cache.internal.DefaultFileLockManager] Releasing lock on daemon addresses registry.
03:45:48.123 [DEBUG] [org.gradle.cache.internal.DefaultFileLockManager] Waiting to acquire shared lock on daemon addresses registry.
03:45:48.124 [DEBUG] [org.gradle.cache.internal.DefaultFileLockManager] Lock acquired on daemon addresses registry.
03:45:48.127 [DEBUG] [org.gradle.cache.internal.DefaultFileLockManager] Releasing lock on daemon addresses registry.
03:45:48.136 [DEBUG] [org.gradle.cache.internal.DefaultFileLockManager] Waiting to acquire shared lock on daemon addresses registry.
03:45:48.137 [DEBUG] [org.gradle.cache.internal.DefaultFileLockManager] Lock acquired on daemon addresses registry.
03:45:48.140 [DEBUG] [org.gradle.cache.internal.DefaultFileLockManager] Releasing lock on daemon addresses registry.
03:45:58.099 [DEBUG] [org.gradle.launcher.daemon.server.Daemon] DaemonExpirationPeriodicCheck running
03:45:58.101 [DEBUG] [org.gradle.cache.internal.DefaultFileLockManager] Waiting to acquire shared lock on daemon addresses registry.
03:45:58.102 [DEBUG] [org.gradle.cache.internal.DefaultFileLockManager] Lock acquired on daemon addresses registry.
03:45:58.107 [DEBUG] [org.gradle.cache.internal.DefaultFileLockManager] Releasing lock on daemon addresses registry.
03:45:58.110 [DEBUG] [org.gradle.cache.internal.DefaultFileLockManager] Waiting to acquire shared lock on daemon addresses registry.
03:45:58.110 [DEBUG] [org.gradle.cache.internal.DefaultFileLockManager] Lock acquired on daemon addresses registry.
03:45:58.111 [DEBUG] [org.gradle.cache.internal.DefaultFileLockManager] Releasing lock on daemon addresses registry.
03:45:58.113 [DEBUG] [org.gradle.cache.internal.DefaultFileLockManager] Waiting to acquire shared lock on daemon addresses registry.
03:45:58.114 [DEBUG] [org.gradle.cache.internal.DefaultFileLockManager] Lock acquired on daemon addresses registry.
03:45:58.115 [DEBUG] [org.gradle.cache.internal.DefaultFileLockManager] Releasing lock on daemon addresses registry.
03:46:08.099 [DEBUG] [org.gradle.launcher.daemon.server.Daemon] DaemonExpirationPeriodicCheck running
03:46:08.102 [DEBUG] [org.gradle.cache.internal.DefaultFileLockManager] Waiting to acquire shared lock on daemon addresses registry.
03:46:08.103 [DEBUG] [org.gradle.cache.internal.DefaultFileLockManager] Lock acquired on daemon addresses registry.
03:46:08.104 [DEBUG] [org.gradle.cache.internal.DefaultFileLockManager] Releasing lock on daemon addresses registry.
03:46:08.108 [DEBUG] [org.gradle.cache.internal.DefaultFileLockManager] Waiting to acquire shared lock on daemon addresses registry.
03:46:08.109 [DEBUG] [org.gradle.cache.internal.DefaultFileLockManager] Lock acquired on daemon addresses registry.
03:46:08.110 [DEBUG] [org.gradle.cache.internal.DefaultFileLockManager] Releasing lock on daemon addresses registry.
03:46:08.113 [DEBUG] [org.gradle.cache.internal.DefaultFileLockManager] Waiting to acquire shared lock on daemon addresses registry.
03:46:08.114 [DEBUG] [org.gradle.cache.internal.DefaultFileLockManager] Lock acquired on daemon addresses registry.
03:46:08.115 [DEBUG] [org.gradle.cache.internal.DefaultFileLockManager] Releasing lock on daemon addresses registry.
03:46:18.099 [DEBUG] [org.gradle.launcher.daemon.server.Daemon] DaemonExpirationPeriodicCheck running
03:46:18.109 [DEBUG] [org.gradle.cache.internal.DefaultFileLockManager] Waiting to acquire shared lock on daemon addresses registry.
03:46:18.110 [DEBUG] [org.gradle.cache.internal.DefaultFileLockManager] Lock acquired on daemon addresses registry.
03:46:18.112 [DEBUG] [org.gradle.cache.internal.DefaultFileLockManager] Releasing lock on daemon addresses registry.
03:46:18.120 [DEBUG] [org.gradle.cache.internal.DefaultFileLockManager] Waiting to acquire shared lock on daemon addresses registry.
03:46:18.121 [DEBUG] [org.gradle.cache.internal.DefaultFileLockManager] Lock acquired on daemon addresses registry.
03:46:18.123 [DEBUG] [org.gradle.cache.internal.DefaultFileLockManager] Releasing lock on daemon addresses registry.
03:46:18.129 [DEBUG] [org.gradle.cache.internal.DefaultFileLockManager] Waiting to acquire shared lock on daemon addresses registry.
03:46:18.131 [DEBUG] [org.gradle.cache.internal.DefaultFileLockManager] Lock acquired on daemon addresses registry.
03:46:18.134 [DEBUG] [org.gradle.cache.internal.DefaultFileLockManager] Releasing lock on daemon addresses registry.
03:46:28.099 [DEBUG] [org.gradle.launcher.daemon.server.Daemon] DaemonExpirationPeriodicCheck running
03:46:28.102 [DEBUG] [org.gradle.cache.internal.DefaultFileLockManager] Waiting to acquire shared lock on daemon addresses registry.
03:46:28.103 [DEBUG] [org.gradle.cache.internal.DefaultFileLockManager] Lock acquired on daemon addresses registry.
03:46:28.105 [DEBUG] [org.gradle.cache.internal.DefaultFileLockManager] Releasing lock on daemon addresses registry.
03:46:28.109 [DEBUG] [org.gradle.cache.internal.DefaultFileLockManager] Waiting to acquire shared lock on daemon addresses registry.
03:46:28.110 [DEBUG] [org.gradle.cache.internal.DefaultFileLockManager] Lock acquired on daemon addresses registry.
03:46:28.111 [DEBUG] [org.gradle.cache.internal.DefaultFileLockManager] Releasing lock on daemon addresses registry.
03:46:28.115 [DEBUG] [org.gradle.cache.internal.DefaultFileLockManager] Waiting to acquire shared lock on daemon addresses registry.
03:46:28.118 [DEBUG] [org.gradle.cache.internal.DefaultFileLockManager] Lock acquired on daemon addresses registry.
03:46:28.120 [DEBUG] [org.gradle.cache.internal.DefaultFileLockManager] Releasing lock on daemon addresses registry.
03:46:38.099 [DEBUG] [org.gradle.launcher.daemon.server.Daemon] DaemonExpirationPeriodicCheck running
03:46:38.102 [DEBUG] [org.gradle.cache.internal.DefaultFileLockManager] Waiting to acquire shared lock on daemon addresses registry.
03:46:38.104 [DEBUG] [org.gradle.cache.internal.DefaultFileLockManager] Lock acquired on daemon addresses registry.
03:46:38.105 [DEBUG] [org.gradle.cache.internal.DefaultFileLockManager] Releasing lock on daemon addresses registry.
03:46:38.109 [DEBUG] [org.gradle.cache.internal.DefaultFileLockManager] Waiting to acquire shared lock on daemon addresses registry.
03:46:38.111 [DEBUG] [org.gradle.cache.internal.DefaultFileLockManager] Lock acquired on daemon addresses registry.
03:46:38.112 [DEBUG] [org.gradle.cache.internal.DefaultFileLockManager] Releasing lock on daemon addresses registry.
03:46:38.117 [DEBUG] [org.gradle.cache.internal.DefaultFileLockManager] Waiting to acquire shared lock on daemon addresses registry.
03:46:38.118 [DEBUG] [org.gradle.cache.internal.DefaultFileLockManager] Lock acquired on daemon addresses registry.
03:46:38.120 [DEBUG] [org.gradle.cache.internal.DefaultFileLockManager] Releasing lock on daemon addresses registry.
03:46:48.100 [DEBUG] [org.gradle.launcher.daemon.server.Daemon] DaemonExpirationPeriodicCheck running
03:46:48.106 [DEBUG] [org.gradle.cache.internal.DefaultFileLockManager] Waiting to acquire shared lock on daemon addresses registry.
03:46:48.108 [DEBUG] [org.gradle.cache.internal.DefaultFileLockManager] Lock acquired on daemon addresses registry.
03:46:48.112 [DEBUG] [org.gradle.cache.internal.DefaultFileLockManager] Releasing lock on daemon addresses registry.
03:46:48.123 [DEBUG] [org.gradle.cache.internal.DefaultFileLockManager] Waiting to acquire shared lock on daemon addresses registry.
03:46:48.125 [DEBUG] [org.gradle.cache.internal.DefaultFileLockManager] Lock acquired on daemon addresses registry.
03:46:48.127 [DEBUG] [org.gradle.cache.internal.DefaultFileLockManager] Releasing lock on daemon addresses registry.
03:46:48.136 [DEBUG] [org.gradle.cache.internal.DefaultFileLockManager] Waiting to acquire shared lock on daemon addresses registry.
03:46:48.137 [DEBUG] [org.gradle.cache.internal.DefaultFileLockManager] Lock acquired on daemon addresses registry.
03:46:48.139 [DEBUG] [org.gradle.cache.internal.DefaultFileLockManager] Releasing lock on daemon addresses registry.
03:46:58.099 [DEBUG] [org.gradle.launcher.daemon.server.Daemon] DaemonExpirationPeriodicCheck running
03:46:58.104 [DEBUG] [org.gradle.cache.internal.DefaultFileLockManager] Waiting to acquire shared lock on daemon addresses registry.
03:46:58.106 [DEBUG] [org.gradle.cache.internal.DefaultFileLockManager] Lock acquired on daemon addresses registry.
03:46:58.109 [DEBUG] [org.gradle.cache.internal.DefaultFileLockManager] Releasing lock on daemon addresses registry.
03:46:58.119 [DEBUG] [org.gradle.cache.internal.DefaultFileLockManager] Waiting to acquire shared lock on daemon addresses registry.
03:46:58.120 [DEBUG] [org.gradle.cache.internal.DefaultFileLockManager] Lock acquired on daemon addresses registry.
03:46:58.124 [DEBUG] [org.gradle.cache.internal.DefaultFileLockManager] Releasing lock on daemon addresses registry.
03:46:58.132 [DEBUG] [org.gradle.cache.internal.DefaultFileLockManager] Waiting to acquire shared lock on daemon addresses registry.
03:46:58.134 [DEBUG] [org.gradle.cache.internal.DefaultFileLockManager] Lock acquired on daemon addresses registry.
03:46:58.136 [DEBUG] [org.gradle.cache.internal.DefaultFileLockManager] Releasing lock on daemon addresses registry.
03:47:08.099 [DEBUG] [org.gradle.launcher.daemon.server.Daemon] DaemonExpirationPeriodicCheck running
03:47:08.101 [DEBUG] [org.gradle.cache.internal.DefaultFileLockManager] Waiting to acquire shared lock on daemon addresses registry.
03:47:08.101 [DEBUG] [org.gradle.cache.internal.DefaultFileLockManager] Lock acquired on daemon addresses registry.
03:47:08.102 [DEBUG] [org.gradle.cache.internal.DefaultFileLockManager] Releasing lock on daemon addresses registry.
03:47:08.106 [DEBUG] [org.gradle.cache.internal.DefaultFileLockManager] Waiting to acquire shared lock on daemon addresses registry.
03:47:08.108 [DEBUG] [org.gradle.cache.internal.DefaultFileLockManager] Lock acquired on daemon addresses registry.
03:47:08.109 [DEBUG] [org.gradle.cache.internal.DefaultFileLockManager] Releasing lock on daemon addresses registry.
03:47:08.112 [DEBUG] [org.gradle.cache.internal.DefaultFileLockManager] Waiting to acquire shared lock on daemon addresses registry.
03:47:08.112 [DEBUG] [org.gradle.cache.internal.DefaultFileLockManager] Lock acquired on daemon addresses registry.
03:47:08.113 [DEBUG] [org.gradle.cache.internal.DefaultFileLockManager] Releasing lock on daemon addresses registry.
03:47:18.099 [DEBUG] [org.gradle.launcher.daemon.server.Daemon] DaemonExpirationPeriodicCheck running
03:47:18.101 [DEBUG] [org.gradle.cache.internal.DefaultFileLockManager] Waiting to acquire shared lock on daemon addresses registry.
03:47:18.101 [DEBUG] [org.gradle.cache.internal.DefaultFileLockManager] Lock acquired on daemon addresses registry.
03:47:18.102 [DEBUG] [org.gradle.cache.internal.DefaultFileLockManager] Releasing lock on daemon addresses registry.
03:47:18.105 [DEBUG] [org.gradle.cache.internal.DefaultFileLockManager] Waiting to acquire shared lock on daemon addresses registry.
03:47:18.105 [DEBUG] [org.gradle.cache.internal.DefaultFileLockManager] Lock acquired on daemon addresses registry.
03:47:18.110 [DEBUG] [org.gradle.cache.internal.DefaultFileLockManager] Releasing lock on daemon addresses registry.
03:47:18.113 [DEBUG] [org.gradle.cache.internal.DefaultFileLockManager] Waiting to acquire shared lock on daemon addresses registry.
03:47:18.114 [DEBUG] [org.gradle.cache.internal.DefaultFileLockManager] Lock acquired on daemon addresses registry.
03:47:18.115 [DEBUG] [org.gradle.cache.internal.DefaultFileLockManager] Releasing lock on daemon addresses registry.
03:47:28.100 [DEBUG] [org.gradle.launcher.daemon.server.Daemon] DaemonExpirationPeriodicCheck running
03:47:28.107 [DEBUG] [org.gradle.cache.internal.DefaultFileLockManager] Waiting to acquire shared lock on daemon addresses registry.
03:47:28.109 [DEBUG] [org.gradle.cache.internal.DefaultFileLockManager] Lock acquired on daemon addresses registry.
03:47:28.111 [DEBUG] [org.gradle.cache.internal.DefaultFileLockManager] Releasing lock on daemon addresses registry.
03:47:28.125 [DEBUG] [org.gradle.cache.internal.DefaultFileLockManager] Waiting to acquire shared lock on daemon addresses registry.
03:47:28.128 [DEBUG] [org.gradle.cache.internal.DefaultFileLockManager] Lock acquired on daemon addresses registry.
03:47:28.130 [DEBUG] [org.gradle.cache.internal.DefaultFileLockManager] Releasing lock on daemon addresses registry.
03:47:28.139 [DEBUG] [org.gradle.cache.internal.DefaultFileLockManager] Waiting to acquire shared lock on daemon addresses registry.
03:47:28.140 [DEBUG] [org.gradle.cache.internal.DefaultFileLockManager] Lock acquired on daemon addresses registry.
03:47:28.143 [DEBUG] [org.gradle.cache.internal.DefaultFileLockManager] Releasing lock on daemon addresses registry.
03:47:38.099 [DEBUG] [org.gradle.launcher.daemon.server.Daemon] DaemonExpirationPeriodicCheck running
03:47:38.101 [DEBUG] [org.gradle.cache.internal.DefaultFileLockManager] Waiting to acquire shared lock on daemon addresses registry.
03:47:38.101 [DEBUG] [org.gradle.cache.internal.DefaultFileLockManager] Lock acquired on daemon addresses registry.
03:47:38.102 [DEBUG] [org.gradle.cache.internal.DefaultFileLockManager] Releasing lock on daemon addresses registry.
03:47:38.105 [DEBUG] [org.gradle.cache.internal.DefaultFileLockManager] Waiting to acquire shared lock on daemon addresses registry.
03:47:38.106 [DEBUG] [org.gradle.cache.internal.DefaultFileLockManager] Lock acquired on daemon addresses registry.
03:47:38.107 [DEBUG] [org.gradle.cache.internal.DefaultFileLockManager] Releasing lock on daemon addresses registry.
03:47:38.110 [DEBUG] [org.gradle.cache.internal.DefaultFileLockManager] Waiting to acquire shared lock on daemon addresses registry.
03:47:38.110 [DEBUG] [org.gradle.cache.internal.DefaultFileLockManager] Lock acquired on daemon addresses registry.
03:47:38.112 [DEBUG] [org.gradle.cache.internal.DefaultFileLockManager] Releasing lock on daemon addresses registry.
03:47:48.100 [DEBUG] [org.gradle.launcher.daemon.server.Daemon] DaemonExpirationPeriodicCheck running
03:47:48.104 [DEBUG] [org.gradle.cache.internal.DefaultFileLockManager] Waiting to acquire shared lock on daemon addresses registry.
03:47:48.105 [DEBUG] [org.gradle.cache.internal.DefaultFileLockManager] Lock acquired on daemon addresses registry.
03:47:48.108 [DEBUG] [org.gradle.cache.internal.DefaultFileLockManager] Releasing lock on daemon addresses registry.
03:47:48.125 [DEBUG] [org.gradle.cache.internal.DefaultFileLockManager] Waiting to acquire shared lock on daemon addresses registry.
03:47:48.126 [DEBUG] [org.gradle.cache.internal.DefaultFileLockManager] Lock acquired on daemon addresses registry.
03:47:48.129 [DEBUG] [org.gradle.cache.internal.DefaultFileLockManager] Releasing lock on daemon addresses registry.
03:47:48.136 [DEBUG] [org.gradle.cache.internal.DefaultFileLockManager] Waiting to acquire shared lock on daemon addresses registry.
03:47:48.137 [DEBUG] [org.gradle.cache.internal.DefaultFileLockManager] Lock acquired on daemon addresses registry.
03:47:48.140 [DEBUG] [org.gradle.cache.internal.DefaultFileLockManager] Releasing lock on daemon addresses registry.
03:47:58.099 [DEBUG] [org.gradle.launcher.daemon.server.Daemon] DaemonExpirationPeriodicCheck running
03:47:58.105 [DEBUG] [org.gradle.cache.internal.DefaultFileLockManager] Waiting to acquire shared lock on daemon addresses registry.
03:47:58.107 [DEBUG] [org.gradle.cache.internal.DefaultFileLockManager] Lock acquired on daemon addresses registry.
03:47:58.110 [DEBUG] [org.gradle.cache.internal.DefaultFileLockManager] Releasing lock on daemon addresses registry.
03:47:58.122 [DEBUG] [org.gradle.cache.internal.DefaultFileLockManager] Waiting to acquire shared lock on daemon addresses registry.
03:47:58.123 [DEBUG] [org.gradle.cache.internal.DefaultFileLockManager] Lock acquired on daemon addresses registry.
03:47:58.127 [DEBUG] [org.gradle.cache.internal.DefaultFileLockManager] Releasing lock on daemon addresses registry.
03:47:58.133 [DEBUG] [org.gradle.cache.internal.DefaultFileLockManager] Waiting to acquire shared lock on daemon addresses registry.
03:47:58.134 [DEBUG] [org.gradle.cache.internal.DefaultFileLockManager] Lock acquired on daemon addresses registry.
03:47:58.136 [DEBUG] [org.gradle.cache.internal.DefaultFileLockManager] Releasing lock on daemon addresses registry.
03:48:08.099 [DEBUG] [org.gradle.launcher.daemon.server.Daemon] DaemonExpirationPeriodicCheck running
03:48:08.103 [DEBUG] [org.gradle.cache.internal.DefaultFileLockManager] Waiting to acquire shared lock on daemon addresses registry.
03:48:08.105 [DEBUG] [org.gradle.cache.internal.DefaultFileLockManager] Lock acquired on daemon addresses registry.
03:48:08.112 [DEBUG] [org.gradle.cache.internal.DefaultFileLockManager] Releasing lock on daemon addresses registry.
03:48:08.115 [DEBUG] [org.gradle.cache.internal.DefaultFileLockManager] Waiting to acquire shared lock on daemon addresses registry.
03:48:08.116 [DEBUG] [org.gradle.cache.internal.DefaultFileLockManager] Lock acquired on daemon addresses registry.
03:48:08.118 [DEBUG] [org.gradle.cache.internal.DefaultFileLockManager] Releasing lock on daemon addresses registry.
03:48:08.125 [DEBUG] [org.gradle.cache.internal.DefaultFileLockManager] Waiting to acquire shared lock on daemon addresses registry.
03:48:08.127 [DEBUG] [org.gradle.cache.internal.DefaultFileLockManager] Lock acquired on daemon addresses registry.
03:48:08.128 [DEBUG] [org.gradle.cache.internal.DefaultFileLockManager] Releasing lock on daemon addresses registry.
03:48:18.099 [DEBUG] [org.gradle.launcher.daemon.server.Daemon] DaemonExpirationPeriodicCheck running
03:48:18.113 [DEBUG] [org.gradle.cache.internal.DefaultFileLockManager] Waiting to acquire shared lock on daemon addresses registry.
03:48:18.115 [DEBUG] [org.gradle.cache.internal.DefaultFileLockManager] Lock acquired on daemon addresses registry.
03:48:18.117 [DEBUG] [org.gradle.cache.internal.DefaultFileLockManager] Releasing lock on daemon addresses registry.
03:48:18.124 [DEBUG] [org.gradle.cache.internal.DefaultFileLockManager] Waiting to acquire shared lock on daemon addresses registry.
03:48:18.125 [DEBUG] [org.gradle.cache.internal.DefaultFileLockManager] Lock acquired on daemon addresses registry.
03:48:18.127 [DEBUG] [org.gradle.cache.internal.DefaultFileLockManager] Releasing lock on daemon addresses registry.
03:48:18.133 [DEBUG] [org.gradle.cache.internal.DefaultFileLockManager] Waiting to acquire shared lock on daemon addresses registry.
03:48:18.134 [DEBUG] [org.gradle.cache.internal.DefaultFileLockManager] Lock acquired on daemon addresses registry.
03:48:18.135 [DEBUG] [org.gradle.cache.internal.DefaultFileLockManager] Releasing lock on daemon addresses registry.
03:48:28.100 [DEBUG] [org.gradle.launcher.daemon.server.Daemon] DaemonExpirationPeriodicCheck running
03:48:28.107 [DEBUG] [org.gradle.cache.internal.DefaultFileLockManager] Waiting to acquire shared lock on daemon addresses registry.
03:48:28.109 [DEBUG] [org.gradle.cache.internal.DefaultFileLockManager] Lock acquired on daemon addresses registry.
03:48:28.112 [DEBUG] [org.gradle.cache.internal.DefaultFileLockManager] Releasing lock on daemon addresses registry.
03:48:28.124 [DEBUG] [org.gradle.cache.internal.DefaultFileLockManager] Waiting to acquire shared lock on daemon addresses registry.
03:48:28.126 [DEBUG] [org.gradle.cache.internal.DefaultFileLockManager] Lock acquired on daemon addresses registry.
03:48:28.129 [DEBUG] [org.gradle.cache.internal.DefaultFileLockManager] Releasing lock on daemon addresses registry.
03:48:28.137 [DEBUG] [org.gradle.cache.internal.DefaultFileLockManager] Waiting to acquire shared lock on daemon addresses registry.
03:48:28.138 [DEBUG] [org.gradle.cache.internal.DefaultFileLockManager] Lock acquired on daemon addresses registry.
03:48:28.141 [DEBUG] [org.gradle.cache.internal.DefaultFileLockManager] Releasing lock on daemon addresses registry.
03:48:38.099 [DEBUG] [org.gradle.launcher.daemon.server.Daemon] DaemonExpirationPeriodicCheck running
03:48:38.104 [DEBUG] [org.gradle.cache.internal.DefaultFileLockManager] Waiting to acquire shared lock on daemon addresses registry.
03:48:38.105 [DEBUG] [org.gradle.cache.internal.DefaultFileLockManager] Lock acquired on daemon addresses registry.
03:48:38.107 [DEBUG] [org.gradle.cache.internal.DefaultFileLockManager] Releasing lock on daemon addresses registry.
03:48:38.115 [DEBUG] [org.gradle.cache.internal.DefaultFileLockManager] Waiting to acquire shared lock on daemon addresses registry.
03:48:38.115 [DEBUG] [org.gradle.cache.internal.DefaultFileLockManager] Lock acquired on daemon addresses registry.
03:48:38.121 [DEBUG] [org.gradle.cache.internal.DefaultFileLockManager] Releasing lock on daemon addresses registry.
03:48:38.126 [DEBUG] [org.gradle.cache.internal.DefaultFileLockManager] Waiting to acquire shared lock on daemon addresses registry.
03:48:38.127 [DEBUG] [org.gradle.cache.internal.DefaultFileLockManager] Lock acquired on daemon addresses registry.
03:48:38.129 [DEBUG] [org.gradle.cache.internal.DefaultFileLockManager] Releasing lock on daemon addresses registry.
03:48:48.100 [DEBUG] [org.gradle.launcher.daemon.server.Daemon] DaemonExpirationPeriodicCheck running
03:48:48.105 [DEBUG] [org.gradle.cache.internal.DefaultFileLockManager] Waiting to acquire shared lock on daemon addresses registry.
03:48:48.106 [DEBUG] [org.gradle.cache.internal.DefaultFileLockManager] Lock acquired on daemon addresses registry.
03:48:48.108 [DEBUG] [org.gradle.cache.internal.DefaultFileLockManager] Releasing lock on daemon addresses registry.
03:48:48.120 [DEBUG] [org.gradle.cache.internal.DefaultFileLockManager] Waiting to acquire shared lock on daemon addresses registry.
03:48:48.121 [DEBUG] [org.gradle.cache.internal.DefaultFileLockManager] Lock acquired on daemon addresses registry.
03:48:48.134 [DEBUG] [org.gradle.cache.internal.DefaultFileLockManager] Releasing lock on daemon addresses registry.
03:48:48.144 [DEBUG] [org.gradle.cache.internal.DefaultFileLockManager] Waiting to acquire shared lock on daemon addresses registry.
03:48:48.147 [DEBUG] [org.gradle.cache.internal.DefaultFileLockManager] Lock acquired on daemon addresses registry.
03:48:48.152 [DEBUG] [org.gradle.cache.internal.DefaultFileLockManager] Releasing lock on daemon addresses registry.
03:48:58.099 [DEBUG] [org.gradle.launcher.daemon.server.Daemon] DaemonExpirationPeriodicCheck running
03:48:58.106 [DEBUG] [org.gradle.cache.internal.DefaultFileLockManager] Waiting to acquire shared lock on daemon addresses registry.
03:48:58.107 [DEBUG] [org.gradle.cache.internal.DefaultFileLockManager] Lock acquired on daemon addresses registry.
03:48:58.112 [DEBUG] [org.gradle.cache.internal.DefaultFileLockManager] Releasing lock on daemon addresses registry.
03:48:58.128 [DEBUG] [org.gradle.cache.internal.DefaultFileLockManager] Waiting to acquire shared lock on daemon addresses registry.
03:48:58.129 [DEBUG] [org.gradle.cache.internal.DefaultFileLockManager] Lock acquired on daemon addresses registry.
03:48:58.131 [DEBUG] [org.gradle.cache.internal.DefaultFileLockManager] Releasing lock on daemon addresses registry.
03:48:58.140 [DEBUG] [org.gradle.cache.internal.DefaultFileLockManager] Waiting to acquire shared lock on daemon addresses registry.
03:48:58.141 [DEBUG] [org.gradle.cache.internal.DefaultFileLockManager] Lock acquired on daemon addresses registry.
03:48:58.145 [DEBUG] [org.gradle.cache.internal.DefaultFileLockManager] Releasing lock on daemon addresses registry.
03:49:04.224 [DEBUG] [org.gradle.cache.internal.LockOnDemandCrossProcessCacheAccess] Lock on file hash cache (/home/luke/.gradle/caches/4.4.1/fileHashes) requested by another process - releasing lock.
03:49:04.224 [DEBUG] [org.gradle.cache.internal.LockOnDemandCrossProcessCacheAccess] Releasing file lock for file hash cache (/home/luke/.gradle/caches/4.4.1/fileHashes)
03:49:04.230 [DEBUG] [org.gradle.cache.internal.btree.BTreePersistentIndexedCache] Closing cache fileHashes.bin (/home/luke/.gradle/caches/4.4.1/fileHashes/fileHashes.bin)
03:49:04.231 [DEBUG] [org.gradle.cache.internal.btree.BTreePersistentIndexedCache] Closing cache resourceHashesCache.bin (/home/luke/.gradle/caches/4.4.1/fileHashes/resourceHashesCache.bin)
03:49:04.233 [DEBUG] [org.gradle.cache.internal.DefaultFileLockManager] Releasing lock on file hash cache (/home/luke/.gradle/caches/4.4.1/fileHashes).
03:49:08.099 [DEBUG] [org.gradle.launcher.daemon.server.Daemon] DaemonExpirationPeriodicCheck running
03:49:08.106 [DEBUG] [org.gradle.cache.internal.DefaultFileLockManager] Waiting to acquire shared lock on daemon addresses registry.
03:49:08.107 [DEBUG] [org.gradle.cache.internal.DefaultFileLockManager] Lock acquired on daemon addresses registry.
03:49:08.110 [DEBUG] [org.gradle.cache.internal.DefaultFileLockManager] Releasing lock on daemon addresses registry.
03:49:08.123 [DEBUG] [org.gradle.cache.internal.DefaultFileLockManager] Waiting to acquire shared lock on daemon addresses registry.
03:49:08.129 [DEBUG] [org.gradle.cache.internal.DefaultFileLockManager] Lock acquired on daemon addresses registry.
03:49:08.133 [DEBUG] [org.gradle.cache.internal.DefaultFileLockManager] Releasing lock on daemon addresses registry.
03:49:08.143 [DEBUG] [org.gradle.cache.internal.DefaultFileLockManager] Waiting to acquire shared lock on daemon addresses registry.
03:49:08.145 [DEBUG] [org.gradle.cache.internal.DefaultFileLockManager] Lock acquired on daemon addresses registry.
03:49:08.151 [DEBUG] [org.gradle.cache.internal.DefaultFileLockManager] Releasing lock on daemon addresses registry.
03:49:18.099 [DEBUG] [org.gradle.launcher.daemon.server.Daemon] DaemonExpirationPeriodicCheck running
03:49:18.101 [DEBUG] [org.gradle.cache.internal.DefaultFileLockManager] Waiting to acquire shared lock on daemon addresses registry.
03:49:18.101 [DEBUG] [org.gradle.cache.internal.DefaultFileLockManager] Lock acquired on daemon addresses registry.
03:49:18.102 [DEBUG] [org.gradle.cache.internal.DefaultFileLockManager] Releasing lock on daemon addresses registry.
03:49:18.108 [DEBUG] [org.gradle.cache.internal.DefaultFileLockManager] Waiting to acquire shared lock on daemon addresses registry.
03:49:18.108 [DEBUG] [org.gradle.cache.internal.DefaultFileLockManager] Lock acquired on daemon addresses registry.
03:49:18.109 [DEBUG] [org.gradle.cache.internal.DefaultFileLockManager] Releasing lock on daemon addresses registry.
03:49:18.112 [DEBUG] [org.gradle.cache.internal.DefaultFileLockManager] Waiting to acquire shared lock on daemon addresses registry.
03:49:18.112 [DEBUG] [org.gradle.cache.internal.DefaultFileLockManager] Lock acquired on daemon addresses registry.
03:49:18.113 [DEBUG] [org.gradle.cache.internal.DefaultFileLockManager] Releasing lock on daemon addresses registry.
03:49:28.103 [DEBUG] [org.gradle.launcher.daemon.server.Daemon] DaemonExpirationPeriodicCheck running
03:49:28.108 [DEBUG] [org.gradle.cache.internal.DefaultFileLockManager] Waiting to acquire shared lock on daemon addresses registry.
03:49:28.110 [DEBUG] [org.gradle.cache.internal.DefaultFileLockManager] Lock acquired on daemon addresses registry.
03:49:28.113 [DEBUG] [org.gradle.cache.internal.DefaultFileLockManager] Releasing lock on daemon addresses registry.
03:49:28.149 [DEBUG] [org.gradle.cache.internal.DefaultFileLockManager] Waiting to acquire shared lock on daemon addresses registry.
03:49:28.156 [DEBUG] [org.gradle.cache.internal.DefaultFileLockManager] Lock acquired on daemon addresses registry.
03:49:28.169 [DEBUG] [org.gradle.cache.internal.DefaultFileLockManager] Releasing lock on daemon addresses registry.
03:49:28.190 [DEBUG] [org.gradle.cache.internal.DefaultFileLockManager] Waiting to acquire shared lock on daemon addresses registry.
03:49:28.191 [DEBUG] [org.gradle.cache.internal.DefaultFileLockManager] Lock acquired on daemon addresses registry.
03:49:28.196 [DEBUG] [org.gradle.cache.internal.DefaultFileLockManager] Releasing lock on daemon addresses registry.
03:49:38.099 [DEBUG] [org.gradle.launcher.daemon.server.Daemon] DaemonExpirationPeriodicCheck running
03:49:38.107 [DEBUG] [org.gradle.cache.internal.DefaultFileLockManager] Waiting to acquire shared lock on daemon addresses registry.
03:49:38.109 [DEBUG] [org.gradle.cache.internal.DefaultFileLockManager] Lock acquired on daemon addresses registry.
03:49:38.114 [DEBUG] [org.gradle.cache.internal.DefaultFileLockManager] Releasing lock on daemon addresses registry.
03:49:38.135 [DEBUG] [org.gradle.cache.internal.DefaultFileLockManager] Waiting to acquire shared lock on daemon addresses registry.
03:49:38.137 [DEBUG] [org.gradle.cache.internal.DefaultFileLockManager] Lock acquired on daemon addresses registry.
03:49:38.141 [DEBUG] [org.gradle.cache.internal.DefaultFileLockManager] Releasing lock on daemon addresses registry.
03:49:38.150 [DEBUG] [org.gradle.cache.internal.DefaultFileLockManager] Waiting to acquire shared lock on daemon addresses registry.
03:49:38.152 [DEBUG] [org.gradle.cache.internal.DefaultFileLockManager] Lock acquired on daemon addresses registry.
03:49:38.154 [DEBUG] [org.gradle.cache.internal.DefaultFileLockManager] Releasing lock on daemon addresses registry.
03:49:48.099 [DEBUG] [org.gradle.launcher.daemon.server.Daemon] DaemonExpirationPeriodicCheck running
03:49:48.107 [DEBUG] [org.gradle.cache.internal.DefaultFileLockManager] Waiting to acquire shared lock on daemon addresses registry.
03:49:48.109 [DEBUG] [org.gradle.cache.internal.DefaultFileLockManager] Lock acquired on daemon addresses registry.
03:49:48.112 [DEBUG] [org.gradle.cache.internal.DefaultFileLockManager] Releasing lock on daemon addresses registry.
03:49:48.219 [DEBUG] [org.gradle.cache.internal.DefaultFileLockManager] Waiting to acquire shared lock on daemon addresses registry.
03:49:48.220 [DEBUG] [org.gradle.cache.internal.DefaultFileLockManager] Lock acquired on daemon addresses registry.
03:49:48.224 [DEBUG] [org.gradle.cache.internal.DefaultFileLockManager] Releasing lock on daemon addresses registry.
03:49:48.232 [DEBUG] [org.gradle.cache.internal.DefaultFileLockManager] Waiting to acquire shared lock on daemon addresses registry.
03:49:48.232 [DEBUG] [org.gradle.cache.internal.DefaultFileLockManager] Lock acquired on daemon addresses registry.
03:49:48.236 [DEBUG] [org.gradle.cache.internal.DefaultFileLockManager] Releasing lock on daemon addresses registry.
03:49:58.100 [DEBUG] [org.gradle.launcher.daemon.server.Daemon] DaemonExpirationPeriodicCheck running
03:49:58.109 [DEBUG] [org.gradle.cache.internal.DefaultFileLockManager] Waiting to acquire shared lock on daemon addresses registry.
03:49:58.114 [DEBUG] [org.gradle.cache.internal.DefaultFileLockManager] Lock acquired on daemon addresses registry.
03:49:58.121 [DEBUG] [org.gradle.cache.internal.DefaultFileLockManager] Releasing lock on daemon addresses registry.
03:49:58.133 [DEBUG] [org.gradle.cache.internal.DefaultFileLockManager] Waiting to acquire shared lock on daemon addresses registry.
03:49:58.134 [DEBUG] [org.gradle.cache.internal.DefaultFileLockManager] Lock acquired on daemon addresses registry.
03:49:58.136 [DEBUG] [org.gradle.cache.internal.DefaultFileLockManager] Releasing lock on daemon addresses registry.
03:49:58.140 [DEBUG] [org.gradle.cache.internal.DefaultFileLockManager] Waiting to acquire shared lock on daemon addresses registry.
03:49:58.141 [DEBUG] [org.gradle.cache.internal.DefaultFileLockManager] Lock acquired on daemon addresses registry.
03:49:58.142 [DEBUG] [org.gradle.cache.internal.DefaultFileLockManager] Releasing lock on daemon addresses registry.
03:50:08.100 [DEBUG] [org.gradle.launcher.daemon.server.Daemon] DaemonExpirationPeriodicCheck running
03:50:08.126 [DEBUG] [org.gradle.cache.internal.DefaultFileLockManager] Waiting to acquire shared lock on daemon addresses registry.
03:50:08.128 [DEBUG] [org.gradle.cache.internal.DefaultFileLockManager] Lock acquired on daemon addresses registry.
03:50:08.133 [DEBUG] [org.gradle.cache.internal.DefaultFileLockManager] Releasing lock on daemon addresses registry.
03:50:08.147 [DEBUG] [org.gradle.cache.internal.DefaultFileLockManager] Waiting to acquire shared lock on daemon addresses registry.
03:50:08.149 [DEBUG] [org.gradle.cache.internal.DefaultFileLockManager] Lock acquired on daemon addresses registry.
03:50:08.152 [DEBUG] [org.gradle.cache.internal.DefaultFileLockManager] Releasing lock on daemon addresses registry.
03:50:08.160 [DEBUG] [org.gradle.cache.internal.DefaultFileLockManager] Waiting to acquire shared lock on daemon addresses registry.
03:50:08.161 [DEBUG] [org.gradle.cache.internal.DefaultFileLockManager] Lock acquired on daemon addresses registry.
03:50:08.163 [DEBUG] [org.gradle.cache.internal.DefaultFileLockManager] Releasing lock on daemon addresses registry.
03:50:18.100 [DEBUG] [org.gradle.launcher.daemon.server.Daemon] DaemonExpirationPeriodicCheck running
03:50:18.108 [DEBUG] [org.gradle.cache.internal.DefaultFileLockManager] Waiting to acquire shared lock on daemon addresses registry.
03:50:18.109 [DEBUG] [org.gradle.cache.internal.DefaultFileLockManager] Lock acquired on daemon addresses registry.
03:50:18.113 [DEBUG] [org.gradle.cache.internal.DefaultFileLockManager] Releasing lock on daemon addresses registry.
03:50:18.130 [DEBUG] [org.gradle.cache.internal.DefaultFileLockManager] Waiting to acquire shared lock on daemon addresses registry.
03:50:18.131 [DEBUG] [org.gradle.cache.internal.DefaultFileLockManager] Lock acquired on daemon addresses registry.
03:50:18.134 [DEBUG] [org.gradle.cache.internal.DefaultFileLockManager] Releasing lock on daemon addresses registry.
03:50:18.142 [DEBUG] [org.gradle.cache.internal.DefaultFileLockManager] Waiting to acquire shared lock on daemon addresses registry.
03:50:18.143 [DEBUG] [org.gradle.cache.internal.DefaultFileLockManager] Lock acquired on daemon addresses registry.
03:50:18.146 [DEBUG] [org.gradle.cache.internal.DefaultFileLockManager] Releasing lock on daemon addresses registry.
03:50:28.100 [DEBUG] [org.gradle.launcher.daemon.server.Daemon] DaemonExpirationPeriodicCheck running
03:50:28.107 [DEBUG] [org.gradle.cache.internal.DefaultFileLockManager] Waiting to acquire shared lock on daemon addresses registry.
03:50:28.108 [DEBUG] [org.gradle.cache.internal.DefaultFileLockManager] Lock acquired on daemon addresses registry.
03:50:28.111 [DEBUG] [org.gradle.cache.internal.DefaultFileLockManager] Releasing lock on daemon addresses registry.
03:50:28.123 [DEBUG] [org.gradle.cache.internal.DefaultFileLockManager] Waiting to acquire shared lock on daemon addresses registry.
03:50:28.124 [DEBUG] [org.gradle.cache.internal.DefaultFileLockManager] Lock acquired on daemon addresses registry.
03:50:28.127 [DEBUG] [org.gradle.cache.internal.DefaultFileLockManager] Releasing lock on daemon addresses registry.
03:50:28.137 [DEBUG] [org.gradle.cache.internal.DefaultFileLockManager] Waiting to acquire shared lock on daemon addresses registry.
03:50:28.139 [DEBUG] [org.gradle.cache.internal.DefaultFileLockManager] Lock acquired on daemon addresses registry.
03:50:28.142 [DEBUG] [org.gradle.cache.internal.DefaultFileLockManager] Releasing lock on daemon addresses registry.
03:50:38.100 [DEBUG] [org.gradle.launcher.daemon.server.Daemon] DaemonExpirationPeriodicCheck running
03:50:38.107 [DEBUG] [org.gradle.cache.internal.DefaultFileLockManager] Waiting to acquire shared lock on daemon addresses registry.
03:50:38.109 [DEBUG] [org.gradle.cache.internal.DefaultFileLockManager] Lock acquired on daemon addresses registry.
03:50:38.111 [DEBUG] [org.gradle.cache.internal.DefaultFileLockManager] Releasing lock on daemon addresses registry.
03:50:38.125 [DEBUG] [org.gradle.cache.internal.DefaultFileLockManager] Waiting to acquire shared lock on daemon addresses registry.
03:50:38.127 [DEBUG] [org.gradle.cache.internal.DefaultFileLockManager] Lock acquired on daemon addresses registry.
03:50:38.130 [DEBUG] [org.gradle.cache.internal.DefaultFileLockManager] Releasing lock on daemon addresses registry.
03:50:38.140 [DEBUG] [org.gradle.cache.internal.DefaultFileLockManager] Waiting to acquire shared lock on daemon addresses registry.
03:50:38.141 [DEBUG] [org.gradle.cache.internal.DefaultFileLockManager] Lock acquired on daemon addresses registry.
03:50:38.142 [DEBUG] [org.gradle.cache.internal.DefaultFileLockManager] Releasing lock on daemon addresses registry.
03:50:48.099 [DEBUG] [org.gradle.launcher.daemon.server.Daemon] DaemonExpirationPeriodicCheck running
03:50:48.105 [DEBUG] [org.gradle.cache.internal.DefaultFileLockManager] Waiting to acquire shared lock on daemon addresses registry.
03:50:48.107 [DEBUG] [org.gradle.cache.internal.DefaultFileLockManager] Lock acquired on daemon addresses registry.
03:50:48.112 [DEBUG] [org.gradle.cache.internal.DefaultFileLockManager] Releasing lock on daemon addresses registry.
03:50:48.129 [DEBUG] [org.gradle.cache.internal.DefaultFileLockManager] Waiting to acquire shared lock on daemon addresses registry.
03:50:48.131 [DEBUG] [org.gradle.cache.internal.DefaultFileLockManager] Lock acquired on daemon addresses registry.
03:50:48.138 [DEBUG] [org.gradle.cache.internal.DefaultFileLockManager] Releasing lock on daemon addresses registry.
03:50:48.149 [DEBUG] [org.gradle.cache.internal.DefaultFileLockManager] Waiting to acquire shared lock on daemon addresses registry.
03:50:48.150 [DEBUG] [org.gradle.cache.internal.DefaultFileLockManager] Lock acquired on daemon addresses registry.
03:50:48.156 [DEBUG] [org.gradle.cache.internal.DefaultFileLockManager] Releasing lock on daemon addresses registry.
03:50:58.100 [DEBUG] [org.gradle.launcher.daemon.server.Daemon] DaemonExpirationPeriodicCheck running
03:50:58.111 [DEBUG] [org.gradle.cache.internal.DefaultFileLockManager] Waiting to acquire shared lock on daemon addresses registry.
03:50:58.112 [DEBUG] [org.gradle.cache.internal.DefaultFileLockManager] Lock acquired on daemon addresses registry.
03:50:58.116 [DEBUG] [org.gradle.cache.internal.DefaultFileLockManager] Releasing lock on daemon addresses registry.
03:50:58.132 [DEBUG] [org.gradle.cache.internal.DefaultFileLockManager] Waiting to acquire shared lock on daemon addresses registry.
03:50:58.134 [DEBUG] [org.gradle.cache.internal.DefaultFileLockManager] Lock acquired on daemon addresses registry.
03:50:58.137 [DEBUG] [org.gradle.cache.internal.DefaultFileLockManager] Releasing lock on daemon addresses registry.
03:50:58.147 [DEBUG] [org.gradle.cache.internal.DefaultFileLockManager] Waiting to acquire shared lock on daemon addresses registry.
03:50:58.148 [DEBUG] [org.gradle.cache.internal.DefaultFileLockManager] Lock acquired on daemon addresses registry.
03:50:58.151 [DEBUG] [org.gradle.cache.internal.DefaultFileLockManager] Releasing lock on daemon addresses registry.
03:51:08.099 [DEBUG] [org.gradle.launcher.daemon.server.Daemon] DaemonExpirationPeriodicCheck running
03:51:08.104 [DEBUG] [org.gradle.cache.internal.DefaultFileLockManager] Waiting to acquire shared lock on daemon addresses registry.
03:51:08.106 [DEBUG] [org.gradle.cache.internal.DefaultFileLockManager] Lock acquired on daemon addresses registry.
03:51:08.108 [DEBUG] [org.gradle.cache.internal.DefaultFileLockManager] Releasing lock on daemon addresses registry.
03:51:08.128 [DEBUG] [org.gradle.cache.internal.DefaultFileLockManager] Waiting to acquire shared lock on daemon addresses registry.
03:51:08.129 [DEBUG] [org.gradle.cache.internal.DefaultFileLockManager] Lock acquired on daemon addresses registry.
03:51:08.131 [DEBUG] [org.gradle.cache.internal.DefaultFileLockManager] Releasing lock on daemon addresses registry.
03:51:08.142 [DEBUG] [org.gradle.cache.internal.DefaultFileLockManager] Waiting to acquire shared lock on daemon addresses registry.
03:51:08.143 [DEBUG] [org.gradle.cache.internal.DefaultFileLockManager] Lock acquired on daemon addresses registry.
03:51:08.147 [DEBUG] [org.gradle.cache.internal.DefaultFileLockManager] Releasing lock on daemon addresses registry.
03:51:18.099 [DEBUG] [org.gradle.launcher.daemon.server.Daemon] DaemonExpirationPeriodicCheck running
03:51:18.106 [DEBUG] [org.gradle.cache.internal.DefaultFileLockManager] Waiting to acquire shared lock on daemon addresses registry.
03:51:18.107 [DEBUG] [org.gradle.cache.internal.DefaultFileLockManager] Lock acquired on daemon addresses registry.
03:51:18.109 [DEBUG] [org.gradle.cache.internal.DefaultFileLockManager] Releasing lock on daemon addresses registry.
03:51:18.122 [DEBUG] [org.gradle.cache.internal.DefaultFileLockManager] Waiting to acquire shared lock on daemon addresses registry.
03:51:18.123 [DEBUG] [org.gradle.cache.internal.DefaultFileLockManager] Lock acquired on daemon addresses registry.
03:51:18.126 [DEBUG] [org.gradle.cache.internal.DefaultFileLockManager] Releasing lock on daemon addresses registry.
03:51:18.135 [DEBUG] [org.gradle.cache.internal.DefaultFileLockManager] Waiting to acquire shared lock on daemon addresses registry.
03:51:18.138 [DEBUG] [org.gradle.cache.internal.DefaultFileLockManager] Lock acquired on daemon addresses registry.
03:51:18.140 [DEBUG] [org.gradle.cache.internal.DefaultFileLockManager] Releasing lock on daemon addresses registry.
03:51:28.100 [DEBUG] [org.gradle.launcher.daemon.server.Daemon] DaemonExpirationPeriodicCheck running
03:51:28.124 [DEBUG] [org.gradle.cache.internal.DefaultFileLockManager] Waiting to acquire shared lock on daemon addresses registry.
03:51:28.125 [DEBUG] [org.gradle.cache.internal.DefaultFileLockManager] Lock acquired on daemon addresses registry.
03:51:28.128 [DEBUG] [org.gradle.cache.internal.DefaultFileLockManager] Releasing lock on daemon addresses registry.
03:51:28.140 [DEBUG] [org.gradle.cache.internal.DefaultFileLockManager] Waiting to acquire shared lock on daemon addresses registry.
03:51:28.142 [DEBUG] [org.gradle.cache.internal.DefaultFileLockManager] Lock acquired on daemon addresses registry.
03:51:28.144 [DEBUG] [org.gradle.cache.internal.DefaultFileLockManager] Releasing lock on daemon addresses registry.
03:51:28.152 [DEBUG] [org.gradle.cache.internal.DefaultFileLockManager] Waiting to acquire shared lock on daemon addresses registry.
03:51:28.153 [DEBUG] [org.gradle.cache.internal.DefaultFileLockManager] Lock acquired on daemon addresses registry.
03:51:28.156 [DEBUG] [org.gradle.cache.internal.DefaultFileLockManager] Releasing lock on daemon addresses registry.
03:51:38.100 [DEBUG] [org.gradle.launcher.daemon.server.Daemon] DaemonExpirationPeriodicCheck running
03:51:38.106 [DEBUG] [org.gradle.cache.internal.DefaultFileLockManager] Waiting to acquire shared lock on daemon addresses registry.
03:51:38.107 [DEBUG] [org.gradle.cache.internal.DefaultFileLockManager] Lock acquired on daemon addresses registry.
03:51:38.109 [DEBUG] [org.gradle.cache.internal.DefaultFileLockManager] Releasing lock on daemon addresses registry.
03:51:38.122 [DEBUG] [org.gradle.cache.internal.DefaultFileLockManager] Waiting to acquire shared lock on daemon addresses registry.
03:51:38.123 [DEBUG] [org.gradle.cache.internal.DefaultFileLockManager] Lock acquired on daemon addresses registry.
03:51:38.126 [DEBUG] [org.gradle.cache.internal.DefaultFileLockManager] Releasing lock on daemon addresses registry.
03:51:38.133 [DEBUG] [org.gradle.cache.internal.DefaultFileLockManager] Waiting to acquire shared lock on daemon addresses registry.
03:51:38.133 [DEBUG] [org.gradle.cache.internal.DefaultFileLockManager] Lock acquired on daemon addresses registry.
03:51:38.137 [DEBUG] [org.gradle.cache.internal.DefaultFileLockManager] Releasing lock on daemon addresses registry.
03:51:48.100 [DEBUG] [org.gradle.launcher.daemon.server.Daemon] DaemonExpirationPeriodicCheck running
03:51:48.105 [DEBUG] [org.gradle.cache.internal.DefaultFileLockManager] Waiting to acquire shared lock on daemon addresses registry.
03:51:48.107 [DEBUG] [org.gradle.cache.internal.DefaultFileLockManager] Lock acquired on daemon addresses registry.
03:51:48.110 [DEBUG] [org.gradle.cache.internal.DefaultFileLockManager] Releasing lock on daemon addresses registry.
03:51:48.125 [DEBUG] [org.gradle.cache.internal.DefaultFileLockManager] Waiting to acquire shared lock on daemon addresses registry.
03:51:48.126 [DEBUG] [org.gradle.cache.internal.DefaultFileLockManager] Lock acquired on daemon addresses registry.
03:51:48.128 [DEBUG] [org.gradle.cache.internal.DefaultFileLockManager] Releasing lock on daemon addresses registry.
03:51:48.134 [DEBUG] [org.gradle.cache.internal.DefaultFileLockManager] Waiting to acquire shared lock on daemon addresses registry.
03:51:48.135 [DEBUG] [org.gradle.cache.internal.DefaultFileLockManager] Lock acquired on daemon addresses registry.
03:51:48.138 [DEBUG] [org.gradle.cache.internal.DefaultFileLockManager] Releasing lock on daemon addresses registry.
03:51:58.100 [DEBUG] [org.gradle.launcher.daemon.server.Daemon] DaemonExpirationPeriodicCheck running
03:51:58.106 [DEBUG] [org.gradle.cache.internal.DefaultFileLockManager] Waiting to acquire shared lock on daemon addresses registry.
03:51:58.109 [DEBUG] [org.gradle.cache.internal.DefaultFileLockManager] Lock acquired on daemon addresses registry.
03:51:58.111 [DEBUG] [org.gradle.cache.internal.DefaultFileLockManager] Releasing lock on daemon addresses registry.
03:51:58.128 [DEBUG] [org.gradle.cache.internal.DefaultFileLockManager] Waiting to acquire shared lock on daemon addresses registry.
03:51:58.130 [DEBUG] [org.gradle.cache.internal.DefaultFileLockManager] Lock acquired on daemon addresses registry.
03:51:58.133 [DEBUG] [org.gradle.cache.internal.DefaultFileLockManager] Releasing lock on daemon addresses registry.
03:51:58.142 [DEBUG] [org.gradle.cache.internal.DefaultFileLockManager] Waiting to acquire shared lock on daemon addresses registry.
03:51:58.143 [DEBUG] [org.gradle.cache.internal.DefaultFileLockManager] Lock acquired on daemon addresses registry.
03:51:58.167 [DEBUG] [org.gradle.cache.internal.DefaultFileLockManager] Releasing lock on daemon addresses registry.
03:52:08.100 [DEBUG] [org.gradle.launcher.daemon.server.Daemon] DaemonExpirationPeriodicCheck running
03:52:08.108 [DEBUG] [org.gradle.cache.internal.DefaultFileLockManager] Waiting to acquire shared lock on daemon addresses registry.
03:52:08.110 [DEBUG] [org.gradle.cache.internal.DefaultFileLockManager] Lock acquired on daemon addresses registry.
03:52:08.114 [DEBUG] [org.gradle.cache.internal.DefaultFileLockManager] Releasing lock on daemon addresses registry.
03:52:08.130 [DEBUG] [org.gradle.cache.internal.DefaultFileLockManager] Waiting to acquire shared lock on daemon addresses registry.
03:52:08.132 [DEBUG] [org.gradle.cache.internal.DefaultFileLockManager] Lock acquired on daemon addresses registry.
03:52:08.137 [DEBUG] [org.gradle.cache.internal.DefaultFileLockManager] Releasing lock on daemon addresses registry.
03:52:08.146 [DEBUG] [org.gradle.cache.internal.DefaultFileLockManager] Waiting to acquire shared lock on daemon addresses registry.
03:52:08.149 [DEBUG] [org.gradle.cache.internal.DefaultFileLockManager] Lock acquired on daemon addresses registry.
03:52:08.152 [DEBUG] [org.gradle.cache.internal.DefaultFileLockManager] Releasing lock on daemon addresses registry.
03:52:18.099 [DEBUG] [org.gradle.launcher.daemon.server.Daemon] DaemonExpirationPeriodicCheck running
03:52:18.104 [DEBUG] [org.gradle.cache.internal.DefaultFileLockManager] Waiting to acquire shared lock on daemon addresses registry.
03:52:18.105 [DEBUG] [org.gradle.cache.internal.DefaultFileLockManager] Lock acquired on daemon addresses registry.
03:52:18.107 [DEBUG] [org.gradle.cache.internal.DefaultFileLockManager] Releasing lock on daemon addresses registry.
03:52:18.114 [DEBUG] [org.gradle.cache.internal.DefaultFileLockManager] Waiting to acquire shared lock on daemon addresses registry.
03:52:18.115 [DEBUG] [org.gradle.cache.internal.DefaultFileLockManager] Lock acquired on daemon addresses registry.
03:52:18.118 [DEBUG] [org.gradle.cache.internal.DefaultFileLockManager] Releasing lock on daemon addresses registry.
03:52:18.122 [DEBUG] [org.gradle.cache.internal.DefaultFileLockManager] Waiting to acquire shared lock on daemon addresses registry.
03:52:18.123 [DEBUG] [org.gradle.cache.internal.DefaultFileLockManager] Lock acquired on daemon addresses registry.
03:52:18.129 [DEBUG] [org.gradle.cache.internal.DefaultFileLockManager] Releasing lock on daemon addresses registry.
03:52:28.100 [DEBUG] [org.gradle.launcher.daemon.server.Daemon] DaemonExpirationPeriodicCheck running
03:52:28.118 [DEBUG] [org.gradle.cache.internal.DefaultFileLockManager] Waiting to acquire shared lock on daemon addresses registry.
03:52:28.120 [DEBUG] [org.gradle.cache.internal.DefaultFileLockManager] Lock acquired on daemon addresses registry.
03:52:28.123 [DEBUG] [org.gradle.cache.internal.DefaultFileLockManager] Releasing lock on daemon addresses registry.
03:52:28.138 [DEBUG] [org.gradle.cache.internal.DefaultFileLockManager] Waiting to acquire shared lock on daemon addresses registry.
03:52:28.139 [DEBUG] [org.gradle.cache.internal.DefaultFileLockManager] Lock acquired on daemon addresses registry.
03:52:28.143 [DEBUG] [org.gradle.cache.internal.DefaultFileLockManager] Releasing lock on daemon addresses registry.
03:52:28.150 [DEBUG] [org.gradle.cache.internal.DefaultFileLockManager] Waiting to acquire shared lock on daemon addresses registry.
03:52:28.152 [DEBUG] [org.gradle.cache.internal.DefaultFileLockManager] Lock acquired on daemon addresses registry.
03:52:28.155 [DEBUG] [org.gradle.cache.internal.DefaultFileLockManager] Releasing lock on daemon addresses registry.
03:52:38.099 [DEBUG] [org.gradle.launcher.daemon.server.Daemon] DaemonExpirationPeriodicCheck running
03:52:38.105 [DEBUG] [org.gradle.cache.internal.DefaultFileLockManager] Waiting to acquire shared lock on daemon addresses registry.
03:52:38.107 [DEBUG] [org.gradle.cache.internal.DefaultFileLockManager] Lock acquired on daemon addresses registry.
03:52:38.110 [DEBUG] [org.gradle.cache.internal.DefaultFileLockManager] Releasing lock on daemon addresses registry.
03:52:38.121 [DEBUG] [org.gradle.cache.internal.DefaultFileLockManager] Waiting to acquire shared lock on daemon addresses registry.
03:52:38.122 [DEBUG] [org.gradle.cache.internal.DefaultFileLockManager] Lock acquired on daemon addresses registry.
03:52:38.124 [DEBUG] [org.gradle.cache.internal.DefaultFileLockManager] Releasing lock on daemon addresses registry.
03:52:38.126 [DEBUG] [org.gradle.cache.internal.DefaultFileLockManager] Waiting to acquire shared lock on daemon addresses registry.
03:52:38.127 [DEBUG] [org.gradle.cache.internal.DefaultFileLockManager] Lock acquired on daemon addresses registry.
03:52:38.128 [DEBUG] [org.gradle.cache.internal.DefaultFileLockManager] Releasing lock on daemon addresses registry.
03:52:48.099 [DEBUG] [org.gradle.launcher.daemon.server.Daemon] DaemonExpirationPeriodicCheck running
03:52:48.106 [DEBUG] [org.gradle.cache.internal.DefaultFileLockManager] Waiting to acquire shared lock on daemon addresses registry.
03:52:48.107 [DEBUG] [org.gradle.cache.internal.DefaultFileLockManager] Lock acquired on daemon addresses registry.
03:52:48.110 [DEBUG] [org.gradle.cache.internal.DefaultFileLockManager] Releasing lock on daemon addresses registry.
03:52:48.116 [DEBUG] [org.gradle.cache.internal.DefaultFileLockManager] Waiting to acquire shared lock on daemon addresses registry.
03:52:48.117 [DEBUG] [org.gradle.cache.internal.DefaultFileLockManager] Lock acquired on daemon addresses registry.
03:52:48.119 [DEBUG] [org.gradle.cache.internal.DefaultFileLockManager] Releasing lock on daemon addresses registry.
03:52:48.123 [DEBUG] [org.gradle.cache.internal.DefaultFileLockManager] Waiting to acquire shared lock on daemon addresses registry.
03:52:48.124 [DEBUG] [org.gradle.cache.internal.DefaultFileLockManager] Lock acquired on daemon addresses registry.
03:52:48.128 [DEBUG] [org.gradle.cache.internal.DefaultFileLockManager] Releasing lock on daemon addresses registry.
03:52:58.100 [DEBUG] [org.gradle.launcher.daemon.server.Daemon] DaemonExpirationPeriodicCheck running
03:52:58.105 [DEBUG] [org.gradle.cache.internal.DefaultFileLockManager] Waiting to acquire shared lock on daemon addresses registry.
03:52:58.109 [DEBUG] [org.gradle.cache.internal.DefaultFileLockManager] Lock acquired on daemon addresses registry.
03:52:58.111 [DEBUG] [org.gradle.cache.internal.DefaultFileLockManager] Releasing lock on daemon addresses registry.
03:52:58.125 [DEBUG] [org.gradle.cache.internal.DefaultFileLockManager] Waiting to acquire shared lock on daemon addresses registry.
03:52:58.127 [DEBUG] [org.gradle.cache.internal.DefaultFileLockManager] Lock acquired on daemon addresses registry.
03:52:58.132 [DEBUG] [org.gradle.cache.internal.DefaultFileLockManager] Releasing lock on daemon addresses registry.
03:52:58.140 [DEBUG] [org.gradle.cache.internal.DefaultFileLockManager] Waiting to acquire shared lock on daemon addresses registry.
03:52:58.141 [DEBUG] [org.gradle.cache.internal.DefaultFileLockManager] Lock acquired on daemon addresses registry.
03:52:58.145 [DEBUG] [org.gradle.cache.internal.DefaultFileLockManager] Releasing lock on daemon addresses registry.
03:53:08.099 [DEBUG] [org.gradle.launcher.daemon.server.Daemon] DaemonExpirationPeriodicCheck running
03:53:08.107 [DEBUG] [org.gradle.cache.internal.DefaultFileLockManager] Waiting to acquire shared lock on daemon addresses registry.
03:53:08.109 [DEBUG] [org.gradle.cache.internal.DefaultFileLockManager] Lock acquired on daemon addresses registry.
03:53:08.114 [DEBUG] [org.gradle.cache.internal.DefaultFileLockManager] Releasing lock on daemon addresses registry.
03:53:08.134 [DEBUG] [org.gradle.cache.internal.DefaultFileLockManager] Waiting to acquire shared lock on daemon addresses registry.
03:53:08.139 [DEBUG] [org.gradle.cache.internal.DefaultFileLockManager] Lock acquired on daemon addresses registry.
03:53:08.145 [DEBUG] [org.gradle.cache.internal.DefaultFileLockManager] Releasing lock on daemon addresses registry.
03:53:08.160 [DEBUG] [org.gradle.cache.internal.DefaultFileLockManager] Waiting to acquire shared lock on daemon addresses registry.
03:53:08.161 [DEBUG] [org.gradle.cache.internal.DefaultFileLockManager] Lock acquired on daemon addresses registry.
03:53:08.168 [DEBUG] [org.gradle.cache.internal.DefaultFileLockManager] Releasing lock on daemon addresses registry.
03:53:18.099 [DEBUG] [org.gradle.launcher.daemon.server.Daemon] DaemonExpirationPeriodicCheck running
03:53:18.116 [DEBUG] [org.gradle.cache.internal.DefaultFileLockManager] Waiting to acquire shared lock on daemon addresses registry.
03:53:18.118 [DEBUG] [org.gradle.cache.internal.DefaultFileLockManager] Lock acquired on daemon addresses registry.
03:53:18.122 [DEBUG] [org.gradle.cache.internal.DefaultFileLockManager] Releasing lock on daemon addresses registry.
03:53:18.140 [DEBUG] [org.gradle.cache.internal.DefaultFileLockManager] Waiting to acquire shared lock on daemon addresses registry.
03:53:18.141 [DEBUG] [org.gradle.cache.internal.DefaultFileLockManager] Lock acquired on daemon addresses registry.
03:53:18.145 [DEBUG] [org.gradle.cache.internal.DefaultFileLockManager] Releasing lock on daemon addresses registry.
03:53:18.154 [DEBUG] [org.gradle.cache.internal.DefaultFileLockManager] Waiting to acquire shared lock on daemon addresses registry.
03:53:18.156 [DEBUG] [org.gradle.cache.internal.DefaultFileLockManager] Lock acquired on daemon addresses registry.
03:53:18.162 [DEBUG] [org.gradle.cache.internal.DefaultFileLockManager] Releasing lock on daemon addresses registry.
03:53:28.099 [DEBUG] [org.gradle.launcher.daemon.server.Daemon] DaemonExpirationPeriodicCheck running
03:53:28.108 [DEBUG] [org.gradle.cache.internal.DefaultFileLockManager] Waiting to acquire shared lock on daemon addresses registry.
03:53:28.110 [DEBUG] [org.gradle.cache.internal.DefaultFileLockManager] Lock acquired on daemon addresses registry.
03:53:28.112 [DEBUG] [org.gradle.cache.internal.DefaultFileLockManager] Releasing lock on daemon addresses registry.
03:53:28.120 [DEBUG] [org.gradle.cache.internal.DefaultFileLockManager] Waiting to acquire shared lock on daemon addresses registry.
03:53:28.121 [DEBUG] [org.gradle.cache.internal.DefaultFileLockManager] Lock acquired on daemon addresses registry.
03:53:28.123 [DEBUG] [org.gradle.cache.internal.DefaultFileLockManager] Releasing lock on daemon addresses registry.
03:53:28.127 [DEBUG] [org.gradle.cache.internal.DefaultFileLockManager] Waiting to acquire shared lock on daemon addresses registry.
03:53:28.128 [DEBUG] [org.gradle.cache.internal.DefaultFileLockManager] Lock acquired on daemon addresses registry.
03:53:28.132 [DEBUG] [org.gradle.cache.internal.DefaultFileLockManager] Releasing lock on daemon addresses registry.
